Workbook

Sheet Overall analysis
B2: Platform System information
B3: Item | C3: Data. | E3: Result | F3: Note
B4: 1.Check Board
B5: Mode configuration | C5: ='CPLD1 reg'!AO18 -> 00 | E5: =IF(C5="00","2S",IF(C5="01","8S",IF(C5="10","!!!D2ScheckFRU!!!",IF(C5="11","4S","ERR")))) -> 2S
B6: Node ID | C6: ='CPLD1 reg'!AO17 -> 11 | E6: =IF(C6="00","SLED0",IF(C6="01","SLED1",IF(C6="10","SLED2",IF(C6="11","SLED3","ERR")))) -> SLED3
B7: HPM REVISION ID | C7: ='CPLD1 reg'!AO14 -> 110 | E7: =IF(C7="000","POC",IF(C7="100","EVT",IF(C7="010","DVT",IF(C7="110","PVT",IF(C7="001","MP",""))))) -> PVT
B8: SCM REVISION ID | C8: ='SCM reg'!AO22 -> 011 | E8: =IF(C8="000","POC",IF(C8="100","EVT",IF(C8="010","DVT",IF(C8="110","PVT",IF(C8="001","MP","")))))
B9: CPU0 Presnt | C9: ='CPLD1 reg'!AO8 -> 0 | E9: =IF(C9="0","CPU0 Install", "No CPU") -> CPU0 Install
B10: CPU1 Presnt | C10: ='CPLD1 reg'!AO12 -> 0 | E10: =IF(C10="0","CPU1 Install", "No CPU") -> CPU1 Install
B11: 2.Check version
B12: GLB CPLD | C12: ='GLB reg'!AY53 -> 02 | D12: ='GLB reg'!AY54 -> 0a | E12: =_xlfn.TEXTJOIN(".",TRUE,C12:D12) -> 02.0a
B13: SCM CPLD | C13: =0&'SCM reg'!AO5 -> 03 | D13: =0&'SCM reg'!AO6 -> 06 | E13: =_xlfn.TEXTJOIN(".",TRUE,C13:D13) -> 03.06
B14: CPLD1 | C14: ='CPLD1 reg'!P17 -> 02 | D14: ='CPLD1 reg'!Q17 -> 0a | E14: =_xlfn.TEXTJOIN(".",TRUE,C14:D14) -> 02.0a
B15: CPLD2 | C15: ='CPLD2 reg'!AQ48 -> 02 | D15: ='CPLD2 reg'!AQ49 -> 08 | E15: =_xlfn.TEXTJOIN(".",TRUE,C15:D15) -> 02.08
B18: Analysis
B19: 3.Check SCM SGPIO link
B20: Item | C20: EXP. | D20: Data. | E20: Result | F20: Note
B21: SGPIO 1 Link Status | C21: ='SCM reg'!AN10 -> 11 | D21: ='SCM reg'!AO10 -> 11 | E21: =IF(C21=D21, "Y", "N") -> Y
B22: SGPIO 0 Link Status | C22: ='SCM reg'!AN11 -> 11 | D22: ='SCM reg'!AO11 -> 11 | E22: =IF(C22=D22, "Y", "N") -> Y
B23: SGPIO 0 CRC error count | C23: ='SCM reg'!AN14 -> 00 | D23: ='SCM reg'!AO14 -> 00 | E23: =IF(C23=D23, "Y", "N") -> Y
B24: SGPIO 1 CRC error count | C24: ='SCM reg'!AN15 -> 00 | D24: ='SCM reg'!AO15 -> 00 | E24: =IF(C24=D24, "Y", "N") -> Y | F24: If there is any 'N', change SCM. | H24: 0xA0[3:0] | I24: System Power on status
B25: 4.Check SGPIO link (CPLD1 -PDB) | H25: =TEXT(0,"0000") -> 0000 | I25: Default
B26: SGPIO Link Status (CPLD1 - PDB) | C26: =TRIM('CPLD1 reg'!BY28) -> 1 | D26: =TRIM('CPLD1 reg'!BZ28) -> 1 | E26: =IF(ROUND(D26,2)=ROUND(C26,2),"Y","N") -> Y | H26: =TEXT(1,"0000") -> 0001 | I26: SCM AUX (HPM STBY_EN) | J26: >>> check SCM
B27: SGPIO Link CRC ERROR(CPLD1 - PDB) | C27: =TRIM('CPLD1 reg'!BY32) -> 00000000 | D27: =TRIM('CPLD1 reg'!BZ32) -> 00000000 | E27: =IF(ROUND(D27,2)=ROUND(C27,2),"Y","N") -> Y | H27: =TEXT(10,"0000") -> 0010 | I27: BMC Boot (HPM STBY_RSTn) | J27: >>> check SCM
B28: 4.Check CPLD2 SGPIO link | H28: =TEXT(11,"0000") -> 0011 | I28: CPU Aux OK (S5 state) | J28: >>> check UPI, sideband cable, CPU(Plug in to confirm)
B29: SGPIO 2 Link Status (CPLD1 - CPLD2) | C29: ='CPLD2 reg'!AP36 -> 1 | D29: ='CPLD2 reg'!AQ36 -> 1 | E29: =IF(ROUND(D29,2)=ROUND(C29,2),"Y","N") -> Y | H29: =TEXT(100,"0000") -> 0100 | I29: Enable main power | J29: >>> check MB vr, change MB
B30: ESPI Status (CPLD2-BIOS) | C30: ='CPLD2 reg'!AP37 -> 1 | D30: ='CPLD2 reg'!AQ37 -> 0 | E30: =IF(ROUND(D30,2)=ROUND(C30,2),"Y","N") -> N | H30: =TEXT(101,"0000") -> 0101 | I30: CPU MEM PWR | J30: >>> check DIMM
B31: SGPIO 2 CRC error count | C31: ='CPLD2 reg'!AP38 -> 00 | D31: ='CPLD2 reg'!AQ38 -> 00 | E31: =IF(ROUND(D31,2)=ROUND(C31,2),"Y","N") -> Y | H31: =TEXT(110,"0000") -> 0110 | I31: CPU S0 PWROK
B32: 5.Check GLB SGPIO link | H32: =TEXT(111,"0000") -> 0111 | I32: CPU PWRGD
B33: SGPIO Link Status (CPLD1 - PDB) | C33: ='GLB reg'!AX4 -> 1 | D33: ='GLB reg'!AY4 -> 1 | E33: =IF(ROUND(D33,2)=ROUND(C33,2),"Y","N") -> Y | H33: 1000 | I33: CPU RESET
B34: SGPIO CRC Error Count | C34: ='GLB reg'!AX5 -> 00 | D34: ='GLB reg'!AY5 -> 00 | E34: =IF(ROUND(D34,2)=ROUND(C34,2),"Y","N") -> Y | H34: 1010 | I34: ERROR state | J34: >>> S3M,or change CPU
B35: SGPIO CRC Good Count | C35: ='GLB reg'!AX6 -> don't care | D35: ='GLB reg'!AY6 -> d1 | E35: =IF(HEX2DEC(D35)>0,"Y","N") -> Y | H35: =TEXT(0,"1011") -> 1011 | I35: ST_ADR
B36: 5.Check SCM Power State | H36: =TEXT(0,"1100") -> 1100 | I36: ST_HANDSHAKE_0
B37: DC-SCM VR on/off status Register | C37: ='SCM reg'!AN19 -> 09 | D37: ='SCM reg'!AO19 -> 09 | E37: =IF(ROUND(D37,2)=ROUND(C37,2),"Y","N") -> Y | F37: If there is any 'N', change SCM. | H37: 1111 | I37: Platform on (S0 state)
B38: Power Good Status Register | C38: ='SCM reg'!AN20 -> 11111111 | D38: ='SCM reg'!AO20 -> 11111111 | E38: =IF(ROUND(D38,2)=ROUND(C38,2),"Y","N") -> Y | F38: If there is any 'N', change SCM.
B39: 6.Check System Power State
B40: System Power on status | C40: =TRIM('CPLD1 reg'!BY7) -> 1111 | D40: =TRIM('CPLD1 reg'!BZ7) -> 1111 | E40: =IF(D40="0000","Default", IF(D40="0001","SCM AUX (HPM STBY_EN)", IF(D40="0010","BMC Boot (HPM STBY_RSTn)", IF(D40="0011","CPU Aux OK (S5 state)", IF(D40="0100","Enable main power", IF(D40="0101","CPU MEM PWR", IF(D40="0110","CPU S0 PWROK", IF(D40="0111","CPU PWRGD", IF(D40="1000","CPU RESET", IF(D40="1001","No description", IF(D40="1010","ERROR state", IF(D40="1011","No description", IF(D40="1100","No description", IF(D40="1101","No description", IF(D40="1110","No description", IF(D40="1111","Platform on (S0 state)", "Unknown Code")))))))))))))))) -> Platform on (S0 state)
B41: 7.Check UPI Cable
B42: CPU0/1 SMB ALERT | C42: =TRIM('CPLD1 reg'!BC5) -> 00000000 | D42: =TRIM('CPLD1 reg'!BD5) -> 00000000 | E42: =IF(ROUND(D42,2)=ROUND(C42,2),"Y","N") -> Y
B43: SMB_MM7_SEL | C43: =TRIM('CPLD1 reg'!BC6) -> 0 | D43: =TRIM('CPLD1 reg'!BD6) -> 0 | E43: =IF(ROUND(D43,2)=ROUND(C43,2),"Y","N") -> Y
B44: SMB_MM6_SEL | C44: =TRIM('CPLD1 reg'!BC7) -> 0 | D44: =TRIM('CPLD1 reg'!BD7) -> 0 | E44: =IF(ROUND(D44,2)=ROUND(C44,2),"Y","N") -> Y
B45: E1S_Power_Control_Path | C45: =TRIM('CPLD1 reg'!BC8) -> 0 | D45: =TRIM('CPLD1 reg'!BD8) -> 0 | E45: =IF(D45="0","BMC Read/Write","BIOS Read/Write") -> BMC Read/Write
B46: CABLE ID information from PCA9555 | C46: =TRIM('CPLD1 reg'!#REF!) -> #REF! | D46: =TRIM('CPLD1 reg'!#REF!) -> #REF! | E46: =IF(D46="34","2S",IF(D46="FE","8S",IF(D46="10","!!!D2ScheckFRU!!!",IF(D46="F6","4S","ERR")))) -> #REF!
B47: SLED (From PCA9555) | C47: =TRIM('CPLD1 reg'!#REF!) -> #REF! | D47: =TRIM('CPLD1 reg'!#REF!) -> #REF! | E47: =IF(D47="0","SLED0",IF(D47="1","SLED1",IF(D47="2","SLED2",IF(D47="3","SLED3","ERR")))) -> #REF!
B48: Mode (From PCA9555) | C48: =TRIM('CPLD1 reg'!#REF!) -> #REF! | D48: =TRIM('CPLD1 reg'!#REF!) -> #REF! | E48: =IF(D48="5","2S",IF(D48="7","8S",IF(D48="10","!!!D2ScheckFRU!!!",IF(D48="D","4S","ERR")))) -> #REF!

Sheet GLB reg
A1: LOG | B1: 0 | C1: 1 | D1: 2 | E1: 3 | F1: 4 | G1: 5 | H1: 6 | I1: 7 | J1: 8 | K1: 9 | L1: A | M1: B | N1: C | O1: D | P1: E | Q1: F | S1: 0 | T1: 1 | U1: 2 | V1: 3 | W1: 4 | X1: 5 | Y1: 6 | Z1: 7 | AA1: 8 | AB1: 9 | AC1: A | AD1: B | AE1: C | AF1: D | AG1: E | AH1: F
A2: 0 | B2: =MID($A22,5,2) -> 10 | C2: =MID($A22,8,2) -> 00 | D2: =MID($A22,11,2) -> 00 | E2: =MID($A22,14,2) -> 00 | F2: =MID($A22,17,2) -> ff | G2: =MID($A22,20,2) -> 33 | H2: =MID($A22,23,2) -> 0f | I2: =MID($A22,26,2) -> ff | J2: =MID($A22,29,2) -> ff | K2: =MID($A22,32,2) -> ff | L2: =MID($A22,35,2) -> ff | M2: =MID($A22,38,2) -> 00 | N2: =MID($A22,41,2) -> 00 | O2: =MID($A22,44,2) -> 00 | P2: =MID($A22,47,2) -> 00 | Q2: =MID($A22,50,2) -> 00 | S2: =TEXT(HEX2BIN(B2),"00000000") -> 00010000 | T2: =TEXT(HEX2BIN(C2),"00000000") -> 00000000 | U2: =TEXT(HEX2BIN(D2),"00000000") -> 00000000 | V2: =TEXT(HEX2BIN(E2),"00000000") -> 00000000 | W2: =TEXT(HEX2BIN(F2),"00000000") -> 11111111 | X2: =TEXT(HEX2BIN(G2),"00000000") -> 00110011 | Y2: =TEXT(HEX2BIN(H2),"00000000") -> 00001111 | Z2: =TEXT(HEX2BIN(I2),"00000000") -> 11111111 | ... AH2: =TEXT(HEX2BIN(Q2),"00000000") -> 00000000
A3: 10 | B3: =MID($A23,5,2) -> 00 | C3: =MID($A23,8,2) -> 00 | D3: =MID($A23,11,2) -> 00 | E3: =MID($A23,14,2) -> 00 | F3: =MID($A23,17,2) -> 00 | G3: =MID($A23,20,2) -> 00 | H3: =MID($A23,23,2) -> 00 | I3: =MID($A23,26,2) -> 00 | J3: =MID($A23,29,2) -> 00 | K3: =MID($A23,32,2) -> 64 | L3: =MID($A23,35,2) -> 06 | M3: =MID($A23,38,2) -> 1e | N3: =MID($A23,41,2) -> 00 | O3: =MID($A23,44,2) -> 0f | P3: =MID($A23,47,2) -> 02 | Q3: =MID($A23,50,2) -> 00 | S3: =TEXT(HEX2BIN(B3),"00000000") -> 00000000 | T3: =TEXT(HEX2BIN(C3),"00000000") -> 00000000 | U3: =TEXT(HEX2BIN(D3),"00000000") -> 00000000 | V3: =TEXT(HEX2BIN(E3),"00000000") -> 00000000 | W3: =TEXT(HEX2BIN(F3),"00000000") -> 00000000 | X3: =TEXT(HEX2BIN(G3),"00000000") -> 00000000 | Y3: =TEXT(HEX2BIN(H3),"00000000") -> 00000000 | Z3: =TEXT(HEX2BIN(I3),"00000000") -> 00000000 | ... AH3: =TEXT(HEX2BIN(Q3),"00000000") -> 00000000 | AM3: Common info | AW3: SGPIO Link
A4: 20 | B4: =MID($A24,5,2) -> 00 | C4: =MID($A24,8,2) -> 00 | D4: =MID($A24,11,2) -> 00 | E4: =MID($A24,14,2) -> 00 | F4: =MID($A24,17,2) -> 00 | G4: =MID($A24,20,2) -> 00 | H4: =MID($A24,23,2) -> 00 | I4: =MID($A24,26,2) -> 00 | J4: =MID($A24,29,2) -> 00 | K4: =MID($A24,32,2) -> 00 | L4: =MID($A24,35,2) -> 00 | M4: =MID($A24,38,2) -> 00 | N4: =MID($A24,41,2) -> 00 | O4: =MID($A24,44,2) -> 00 | P4: =MID($A24,47,2) -> 00 | Q4: =MID($A24,50,2) -> 00 | S4: =TEXT(HEX2BIN(B4),"00000000") -> 00000000 | T4: =TEXT(HEX2BIN(C4),"00000000") -> 00000000 | U4: =TEXT(HEX2BIN(D4),"00000000") -> 00000000 | V4: =TEXT(HEX2BIN(E4),"00000000") -> 00000000 | W4: =TEXT(HEX2BIN(F4),"00000000") -> 00000000 | X4: =TEXT(HEX2BIN(G4),"00000000") -> 00000000 | Y4: =TEXT(HEX2BIN(H4),"00000000") -> 00000000 | Z4: =TEXT(HEX2BIN(I4),"00000000") -> 00000000 | ... AH4: =TEXT(HEX2BIN(Q4),"00000000") -> 00000000 | AM4: CPU/Board ID | AN4: EXP. | AO4: Data. | AP4: Analyze | AS4: 0x00[7:4] | AT4: Wirte Busy Flag | AV4: 0xA6 [0] | AW4: SGPIO Link Status (CPLD1 - PDB) | AX4: 1 | AY4: =MID($Y12,8,1) -> 1 | AZ4: =IF(BIN2DEC(AY4)>0,"link stable","!!!!link ERROR!!!") -> link stable
A5: 30 | B5: =MID($A25,5,2) -> 00 | C5: =MID($A25,8,2) -> 00 | D5: =MID($A25,11,2) -> 00 | E5: =MID($A25,14,2) -> 00 | F5: =MID($A25,17,2) -> 2d | G5: =MID($A25,20,2) -> 90 | H5: =MID($A25,23,2) -> 00 | I5: =MID($A25,26,2) -> 00 | J5: =MID($A25,29,2) -> 00 | K5: =MID($A25,32,2) -> 00 | L5: =MID($A25,35,2) -> f0 | M5: =MID($A25,38,2) -> 00 | N5: =MID($A25,41,2) -> 00 | O5: =MID($A25,44,2) -> 00 | P5: =MID($A25,47,2) -> 00 | Q5: =MID($A25,50,2) -> 00 | S5: =TEXT(HEX2BIN(B5),"00000000") -> 00000000 | T5: =TEXT(HEX2BIN(C5),"00000000") -> 00000000 | U5: =TEXT(HEX2BIN(D5),"00000000") -> 00000000 | V5: =TEXT(HEX2BIN(E5),"00000000") -> 00000000 | W5: =TEXT(HEX2BIN(F5),"00000000") -> 00101101 | X5: =TEXT(HEX2BIN(G5),"00000000") -> 10010000 | Y5: =TEXT(HEX2BIN(H5),"00000000") -> 00000000 | Z5: =TEXT(HEX2BIN(I5),"00000000") -> 00000000 | ... AH5: =TEXT(HEX2BIN(Q5),"00000000") -> 00000000 | AL5: 0x00 [7:4] | AM5: Write Busy Flag | AN5: 0001 | AO5: =MID($S2,1,4) -> 0001 | AP5: =IF(AO5="0001", "SLED0 USE", IF(AO5="0010", "SLED1 USE", IF(AO5="0100", "SLED2 USE", IF(AO5="1000", "SLED3 USE", "undefine")))) -> SLED0 USE | AS5: 4'b0001 | AT5: SLED0 USE | AV5: 0xA7 [7:0] | AW5: SGPIO CRC Error Count | AX5: 00 | AY5: =MID($I12,1,8) -> 00 | AZ5: =IF(BIN2DEC(AY5)>0,"!!!!CRC ERROR!!!","link stable") -> link stable
A6: 40 | B6: =MID($A26,5,2) -> 10 | C6: =MID($A26,8,2) -> 00 | D6: =MID($A26,11,2) -> 00 | E6: =MID($A26,14,2) -> 00 | F6: =MID($A26,17,2) -> 00 | G6: =MID($A26,20,2) -> 00 | H6: =MID($A26,23,2) -> 00 | I6: =MID($A26,26,2) -> 00 | J6: =MID($A26,29,2) -> 00 | K6: =MID($A26,32,2) -> 00 | L6: =MID($A26,35,2) -> 00 | M6: =MID($A26,38,2) -> 00 | N6: =MID($A26,41,2) -> 00 | O6: =MID($A26,44,2) -> 00 | P6: =MID($A26,47,2) -> 00 | Q6: =MID($A26,50,2) -> 00 | S6: =TEXT(HEX2BIN(B6),"00000000") -> 00010000 | T6: =TEXT(HEX2BIN(C6),"00000000") -> 00000000 | U6: =TEXT(HEX2BIN(D6),"00000000") -> 00000000 | V6: =TEXT(HEX2BIN(E6),"00000000") -> 00000000 | W6: =TEXT(HEX2BIN(F6),"00000000") -> 00000000 | X6: =TEXT(HEX2BIN(G6),"00000000") -> 00000000 | Y6: =TEXT(HEX2BIN(H6),"00000000") -> 00000000 | Z6: =TEXT(HEX2BIN(I6),"00000000") -> 00000000 | ... AH6: =TEXT(HEX2BIN(Q6),"00000000") -> 00000000 | AL6: 0x00 [0] | AM6: FM_MISC_IOB_4S_N_8S_MODE | AN6: 0 | AO6: =MID($S2,8,1) -> 0 | AP6: =IF(AO6="0", "2S/4S", IF(AO6="1", "8S", "error")) -> 2S/4S | AS6: 4'b0010 | AT6: SLED1 USE | AV6: 0xA8 [7:0] | AW6: SGPIO CRC Good Count | AX6: don't care | AY6: =MID($J12,1,8) -> d1 | AZ6: =IF(HEX2DEC(AY6)>0,"link stable","!!!!check CRC!!!") -> link stable
A7: 50 | B7: =MID($A27,5,2) -> 10 | C7: =MID($A27,8,2) -> 04 | D7: =MID($A27,11,2) -> 02 | E7: =MID($A27,14,2) -> 0d | F7: =MID($A27,17,2) -> 01 | G7: =MID($A27,20,2) -> 00 | H7: =MID($A27,23,2) -> 00 | I7: =MID($A27,26,2) -> 00 | J7: =MID($A27,29,2) -> 00 | K7: =MID($A27,32,2) -> 00 | L7: =MID($A27,35,2) -> 1a | M7: =MID($A27,38,2) -> 04 | N7: =MID($A27,41,2) -> 17 | O7: =MID($A27,44,2) -> 06 | P7: =MID($A27,47,2) -> 00 | Q7: =MID($A27,50,2) -> 00 | S7: =TEXT(HEX2BIN(B7),"00000000") -> 00010000 | T7: =TEXT(HEX2BIN(C7),"00000000") -> 00000100 | U7: =TEXT(HEX2BIN(D7),"00000000") -> 00000010 | V7: =TEXT(HEX2BIN(E7),"00000000") -> 00001101 | W7: =TEXT(HEX2BIN(F7),"00000000") -> 00000001 | X7: =TEXT(HEX2BIN(G7),"00000000") -> 00000000 | Y7: =TEXT(HEX2BIN(H7),"00000000") -> 00000000 | Z7: =TEXT(HEX2BIN(I7),"00000000") -> 00000000 | ... AH7: =TEXT(HEX2BIN(Q7),"00000000") -> 00000000 | AL7: 0x04 [7:4] | AM7: iwol_out | AN7: don't care | AO7: =MID($W2,1,4) -> 1111 | AS7: 4'b0100 | AT7: SLED2 USE
A8: 60 | B8: =MID($A28,5,2) -> 10 | C8: =MID($A28,8,2) -> 00 | D8: =MID($A28,11,2) -> 02 | E8: =MID($A28,14,2) -> 18 | F8: =MID($A28,17,2) -> 01 | G8: =MID($A28,20,2) -> 00 | H8: =MID($A28,23,2) -> 00 | I8: =MID($A28,26,2) -> 00 | J8: =MID($A28,29,2) -> 00 | K8: =MID($A28,32,2) -> 00 | L8: =MID($A28,35,2) -> 1a | M8: =MID($A28,38,2) -> 04 | N8: =MID($A28,41,2) -> 17 | O8: =MID($A28,44,2) -> 06 | P8: =MID($A28,47,2) -> 00 | Q8: =MID($A28,50,2) -> 00 | S8: =TEXT(HEX2BIN(B8),"00000000") -> 00010000 | T8: =TEXT(HEX2BIN(C8),"00000000") -> 00000000 | U8: =TEXT(HEX2BIN(D8),"00000000") -> 00000010 | V8: =TEXT(HEX2BIN(E8),"00000000") -> 00011000 | W8: =TEXT(HEX2BIN(F8),"00000000") -> 00000001 | X8: =TEXT(HEX2BIN(G8),"00000000") -> 00000000 | Y8: =TEXT(HEX2BIN(H8),"00000000") -> 00000000 | Z8: =TEXT(HEX2BIN(I8),"00000000") -> 00000000 | ... AH8: =TEXT(HEX2BIN(Q8),"00000000") -> 00000000 | AL8: 0x04 [3:0] | AM8: iwol_in | AN8: don't care | AO8: =MID($W2,5,4) -> 1111 | AS8: 4'b1000 | AT8: SLED3 USE | AW8: Configuration | BC8: 0xC1[7:0] | BD8: Node ID:
A9: 70 | B9: =MID($A29,5,2) -> 00 | C9: =MID($A29,8,2) -> 00 | D9: =MID($A29,11,2) -> 00 | E9: =MID($A29,14,2) -> 00 | F9: =MID($A29,17,2) -> 00 | G9: =MID($A29,20,2) -> 00 | H9: =MID($A29,23,2) -> 00 | I9: =MID($A29,26,2) -> 00 | J9: =MID($A29,29,2) -> 00 | K9: =MID($A29,32,2) -> 00 | L9: =MID($A29,35,2) -> 00 | M9: =MID($A29,38,2) -> 00 | N9: =MID($A29,41,2) -> 00 | O9: =MID($A29,44,2) -> 00 | P9: =MID($A29,47,2) -> 00 | Q9: =MID($A29,50,2) -> 00 | S9: =TEXT(HEX2BIN(B9),"00000000") -> 00000000 | T9: =TEXT(HEX2BIN(C9),"00000000") -> 00000000 | U9: =TEXT(HEX2BIN(D9),"00000000") -> 00000000 | V9: =TEXT(HEX2BIN(E9),"00000000") -> 00000000 | W9: =TEXT(HEX2BIN(F9),"00000000") -> 00000000 | X9: =TEXT(HEX2BIN(G9),"00000000") -> 00000000 | Y9: =TEXT(HEX2BIN(H9),"00000000") -> 00000000 | Z9: =TEXT(HEX2BIN(I9),"00000000") -> 00000000 | ... AH9: =TEXT(HEX2BIN(Q9),"00000000") -> 00000000 | AV9: 0xC0 [3:2] | AW9: FRU ID Configuration | AX9: 00 | AY9: =MID($S14,5,2) -> 11 | AZ9: =IF(AY9="00","2S",IF(AY9="01","8S",IF(AY9="10","!!!D2ScheckFRU!!!",IF(AY9="11","4S","ERR")))) -> 4S | BC9: 0xC1 [7:6] | BD9: SLED3 Node ID
A10: 80 | B10: =MID($A30,5,2) -> 00 | C10: =MID($A30,8,2) -> 00 | D10: =MID($A30,11,2) -> 00 | E10: =MID($A30,14,2) -> 00 | F10: =MID($A30,17,2) -> 00 | G10: =MID($A30,20,2) -> 00 | H10: =MID($A30,23,2) -> 00 | I10: =MID($A30,26,2) -> 00 | J10: =MID($A30,29,2) -> 00 | K10: =MID($A30,32,2) -> 00 | L10: =MID($A30,35,2) -> 00 | M10: =MID($A30,38,2) -> 00 | N10: =MID($A30,41,2) -> 00 | O10: =MID($A30,44,2) -> 00 | P10: =MID($A30,47,2) -> 00 | Q10: =MID($A30,50,2) -> 00 | S10: =TEXT(HEX2BIN(B10),"00000000") -> 00000000 | T10: =TEXT(HEX2BIN(C10),"00000000") -> 00000000 | U10: =TEXT(HEX2BIN(D10),"00000000") -> 00000000 | V10: =TEXT(HEX2BIN(E10),"00000000") -> 00000000 | W10: =TEXT(HEX2BIN(F10),"00000000") -> 00000000 | X10: =TEXT(HEX2BIN(G10),"00000000") -> 00000000 | Y10: =TEXT(HEX2BIN(H10),"00000000") -> 00000000 | Z10: =TEXT(HEX2BIN(I10),"00000000") -> 00000000 | ... AH10: =TEXT(HEX2BIN(Q10),"00000000") -> 00000000 | AM10: power statue | AN10: only sled0 could read | AS10: 0x00[0] | AT10: FM_MISC_IOB_4S_N_8S_MODE | AV10: 0xC1 [7:0] | AW10: Node ID (from PCA9555) | AX10: 11100100 | AY10: =MID($T14,1,8) -> 11100100 | BC10: 0xC1 [5:4] | BD10: SLED2 Node ID
A11: 90 | B11: =MID($A31,5,2) -> 00 | C11: =MID($A31,8,2) -> 00 | D11: =MID($A31,11,2) -> 00 | E11: =MID($A31,14,2) -> 00 | F11: =MID($A31,17,2) -> 00 | G11: =MID($A31,20,2) -> 00 | H11: =MID($A31,23,2) -> 00 | I11: =MID($A31,26,2) -> 00 | J11: =MID($A31,29,2) -> 00 | K11: =MID($A31,32,2) -> 00 | L11: =MID($A31,35,2) -> 00 | M11: =MID($A31,38,2) -> 00 | N11: =MID($A31,41,2) -> 00 | O11: =MID($A31,44,2) -> 00 | P11: =MID($A31,47,2) -> 00 | Q11: =MID($A31,50,2) -> 00 | S11: =TEXT(HEX2BIN(B11),"00000000") -> 00000000 | T11: =TEXT(HEX2BIN(C11),"00000000") -> 00000000 | U11: =TEXT(HEX2BIN(D11),"00000000") -> 00000000 | V11: =TEXT(HEX2BIN(E11),"00000000") -> 00000000 | W11: =TEXT(HEX2BIN(F11),"00000000") -> 00000000 | X11: =TEXT(HEX2BIN(G11),"00000000") -> 00000000 | Y11: =TEXT(HEX2BIN(H11),"00000000") -> 00000000 | Z11: =TEXT(HEX2BIN(I11),"00000000") -> 00000000 | ... AH11: =TEXT(HEX2BIN(Q11),"00000000") -> 00000000 | AL11: 0x05 [8:0] | AN11: =TEXT(11111111,"00000000") -> 11111111 | AO11: =MID(X2,1,8) -> 00110011 | AS11: 1'b0 | AT11: 2S/4S | AV11: 0xC2 [7:4] | AW11: CPU1_SKTOCC information | AX11: check CPU set | AY11: =MID($U14,1,4) -> 1100 | AZ11: =IF(AY11="1110", "CPU0-set2s", IF(AY11="1100", "CPU0-set4s", IF(AY11="0000", "CPU0-set8s", "CPU0 set error"))) -> CPU0-set4s | BC11: 0xC1 [3:2] | BD11: SLED1 Node ID
A12: a0 | B12: =MID($A32,5,2) -> 00 | C12: =MID($A32,8,2) -> 00 | D12: =MID($A32,11,2) -> 00 | E12: =MID($A32,14,2) -> 00 | F12: =MID($A32,17,2) -> 00 | G12: =MID($A32,20,2) -> 00 | H12: =MID($A32,23,2) -> 31 | I12: =MID($A32,26,2) -> 00 | J12: =MID($A32,29,2) -> d1 | K12: =MID($A32,32,2) -> 00 | L12: =MID($A32,35,2) -> 00 | M12: =MID($A32,38,2) -> 00 | N12: =MID($A32,41,2) -> 00 | O12: =MID($A32,44,2) -> 00 | P12: =MID($A32,47,2) -> 00 | Q12: =MID($A32,50,2) -> 00 | S12: =TEXT(HEX2BIN(B12),"00000000") -> 00000000 | T12: =TEXT(HEX2BIN(C12),"00000000") -> 00000000 | U12: =TEXT(HEX2BIN(D12),"00000000") -> 00000000 | V12: =TEXT(HEX2BIN(E12),"00000000") -> 00000000 | W12: =TEXT(HEX2BIN(F12),"00000000") -> 00000000 | X12: =TEXT(HEX2BIN(G12),"00000000") -> 00000000 | Y12: =TEXT(HEX2BIN(H12),"00000000") -> 00110001 | Z12: =TEXT(HEX2BIN(I12),"00000000") -> 00000000 | ... AH12: =TEXT(HEX2BIN(Q12),"00000000") -> 00000000 | AL12: 0x05[7] | AM12: iVPDB_P12V_AUX4_VR_ALERT_N | AN12: =MID(AN11,1,1) -> 1 | AO12: =MID(AO11,1,1) -> 0 | AQ12: loc="R5" | AS12: 1'b1 | AT12: 8S | AV12: 0xC2[3:0] | AW12: CPU0_SKTOCC information | AX12: check CPU set | AY12: =MID($U14,5,8) -> 1100 | AZ12: =IF(AY12="1110", "CPU1-set2s", IF(AY12="1100", "CPU1-set4s", IF(AY12="0000", "CPU1-set8s", "CPU1 set error"))) -> CPU1-set4s | BC12: 0xC1 [1:0] | BD12: SLED0 Node ID
A13: b0 | B13: =MID($A33,5,2) -> 00 | C13: =MID($A33,8,2) -> 00 | D13: =MID($A33,11,2) -> 00 | E13: =MID($A33,14,2) -> 00 | F13: =MID($A33,17,2) -> 00 | G13: =MID($A33,20,2) -> 00 | H13: =MID($A33,23,2) -> 00 | I13: =MID($A33,26,2) -> 00 | J13: =MID($A33,29,2) -> 00 | K13: =MID($A33,32,2) -> 00 | L13: =MID($A33,35,2) -> 00 | M13: =MID($A33,38,2) -> 00 | N13: =MID($A33,41,2) -> 00 | O13: =MID($A33,44,2) -> 00 | P13: =MID($A33,47,2) -> 00 | Q13: =MID($A33,50,2) -> 00 | S13: =TEXT(HEX2BIN(B13),"00000000") -> 00000000 | T13: =TEXT(HEX2BIN(C13),"00000000") -> 00000000 | U13: =TEXT(HEX2BIN(D13),"00000000") -> 00000000 | V13: =TEXT(HEX2BIN(E13),"00000000") -> 00000000 | W13: =TEXT(HEX2BIN(F13),"00000000") -> 00000000 | X13: =TEXT(HEX2BIN(G13),"00000000") -> 00000000 | Y13: =TEXT(HEX2BIN(H13),"00000000") -> 00000000 | Z13: =TEXT(HEX2BIN(I13),"00000000") -> 00000000 | ... AH13: =TEXT(HEX2BIN(Q13),"00000000") -> 00000000 | AL13: 0x05[6] | AM13: iVPDB_P12V_AUX3_VR_ALERT_N | AN13: =MID(AN11,2,1) -> 1 | AO13: =MID(AO11,2,1) -> 0 | AQ13: loc="V7" | AW13: FRU ID Configuration - C4XAB
A14: c0 | B14: =MID($A34,5,2) -> 0c | C14: =MID($A34,8,2) -> e4 | D14: =MID($A34,11,2) -> cc | E14: =MID($A34,14,2) -> 43 | F14: =MID($A34,17,2) -> 34 | G14: =MID($A34,20,2) -> 33 | H14: =MID($A34,23,2) -> 41 | I14: =MID($A34,26,2) -> 42 | J14: =MID($A34,29,2) -> 00 | K14: =MID($A34,32,2) -> 00 | L14: =MID($A34,35,2) -> 00 | M14: =MID($A34,38,2) -> 00 | N14: =MID($A34,41,2) -> 00 | O14: =MID($A34,44,2) -> 00 | P14: =MID($A34,47,2) -> 00 | Q14: =MID($A34,50,2) -> 00 | S14: =TEXT(HEX2BIN(B14),"00000000") -> 00001100 | T14: =TEXT(HEX2BIN(C14),"00000000") -> 11100100 | U14: =TEXT(HEX2BIN(D14),"00000000") -> 11001100 | V14: =TEXT(HEX2BIN(E14),"00000000") -> 01000011 | W14: =TEXT(HEX2BIN(F14),"00000000") -> 00110100 | X14: =TEXT(HEX2BIN(G14),"00000000") -> 00110011 | Y14: =TEXT(HEX2BIN(H14),"00000000") -> 01000001 | Z14: =TEXT(HEX2BIN(I14),"00000000") -> 01000010 | ... AH14: =TEXT(HEX2BIN(Q14),"00000000") -> 00000000 | AL14: 0x05[5] | AM14: iHPDB_P12V_AUX2_VR_ALERT_N | AN14: =MID(AN11,3,1) -> 1 | AO14: =MID(AO11,3,1) -> 1 | AQ14: loc="E22" | AS14: 0x19[7:0] | AT14: FAN_DUTY_SET: | AV14: 0xC3 [7:0] | AW14: FRU ID Configuration - C | AX14: 43 | AY14: =E14 -> 43 | AZ14: {=_xlfn.TEXTJOIN("", TRUE, MID(CHAR(HEX2DEC(MID(AY14, ROW(INDIRECT("1:" & LEN(AY14)/2))*2-1, 2))), 1, 1))} -> C | BC14: 0xC2[7:4] | BD14: CPU_SKTOCC: (1: NO CPU , 0: CPU install)
A15: d0 | B15: =MID($A35,5,2) -> 00 | C15: =MID($A35,8,2) -> 00 | D15: =MID($A35,11,2) -> 00 | E15: =MID($A35,14,2) -> 00 | F15: =MID($A35,17,2) -> 00 | G15: =MID($A35,20,2) -> 00 | H15: =MID($A35,23,2) -> 00 | I15: =MID($A35,26,2) -> 00 | J15: =MID($A35,29,2) -> 00 | K15: =MID($A35,32,2) -> 00 | L15: =MID($A35,35,2) -> 00 | M15: =MID($A35,38,2) -> 00 | N15: =MID($A35,41,2) -> 00 | O15: =MID($A35,44,2) -> 00 | P15: =MID($A35,47,2) -> 00 | Q15: =MID($A35,50,2) -> 00 | S15: =TEXT(HEX2BIN(B15),"00000000") -> 00000000 | T15: =TEXT(HEX2BIN(C15),"00000000") -> 00000000 | U15: =TEXT(HEX2BIN(D15),"00000000") -> 00000000 | V15: =TEXT(HEX2BIN(E15),"00000000") -> 00000000 | W15: =TEXT(HEX2BIN(F15),"00000000") -> 00000000 | X15: =TEXT(HEX2BIN(G15),"00000000") -> 00000000 | Y15: =TEXT(HEX2BIN(H15),"00000000") -> 00000000 | Z15: =TEXT(HEX2BIN(I15),"00000000") -> 00000000 | ... AH15: =TEXT(HEX2BIN(Q15),"00000000") -> 00000000 | AL15: 0x05[4] | AM15: iHPDB_P12V_AUX1_VR_ALERT_N | AN15: =MID(AN11,4,1) -> 1 | AO15: =MID(AO11,4,1) -> 1 | AQ15: loc="J22" | AS15: 8'h0 | AT15: 0.01 | AV15: 0xC4 [7:0] | AW15: FRU ID Configuration - 4 | AX15: 34 | AY15: =F14 -> 34 | AZ15: {=_xlfn.TEXTJOIN("", TRUE, MID(CHAR(HEX2DEC(MID(AY15, ROW(INDIRECT("1:" & LEN(AY15)/2))*2-1, 2))), 1, 1))} -> 4 | BC15: 0xC2[7] | BD15: SLED3 CPU0
A16: e0 | B16: =MID($A36,5,2) -> 00 | C16: =MID($A36,8,2) -> 00 | D16: =MID($A36,11,2) -> 00 | E16: =MID($A36,14,2) -> 00 | F16: =MID($A36,17,2) -> 00 | G16: =MID($A36,20,2) -> 00 | H16: =MID($A36,23,2) -> 00 | I16: =MID($A36,26,2) -> 00 | J16: =MID($A36,29,2) -> 00 | K16: =MID($A36,32,2) -> 00 | L16: =MID($A36,35,2) -> 00 | M16: =MID($A36,38,2) -> 00 | N16: =MID($A36,41,2) -> 00 | O16: =MID($A36,44,2) -> 00 | P16: =MID($A36,47,2) -> 00 | Q16: =MID($A36,50,2) -> 00 | S16: =TEXT(HEX2BIN(B16),"00000000") -> 00000000 | T16: =TEXT(HEX2BIN(C16),"00000000") -> 00000000 | U16: =TEXT(HEX2BIN(D16),"00000000") -> 00000000 | V16: =TEXT(HEX2BIN(E16),"00000000") -> 00000000 | W16: =TEXT(HEX2BIN(F16),"00000000") -> 00000000 | X16: =TEXT(HEX2BIN(G16),"00000000") -> 00000000 | Y16: =TEXT(HEX2BIN(H16),"00000000") -> 00000000 | Z16: =TEXT(HEX2BIN(I16),"00000000") -> 00000000 | ... AH16: =TEXT(HEX2BIN(Q16),"00000000") -> 00000000 | AL16: 0x05[3] | AM16: iNODE3_FPGA_ROT_P1_RST_N | AN16: =MID(AN11,5,1) -> 1 | AO16: =MID(AO11,5,1) -> 0 | AQ16: loc="U17" | AS16: 8'h64 | AT16: 1 | AV16: 0xC5 [7:0] | AW16: FRU ID Configuration - X | AX16: 2S-31/4S-33/8S-36 | AY16: =G14 -> 33 | AZ16: {=_xlfn.TEXTJOIN("", TRUE, MID(CHAR(HEX2DEC(MID(AY16, ROW(INDIRECT("1:" & LEN(AY16)/2))*2-1, 2))), 1, 1))} -> 3 | BC16: 0xC2[6] | BD16: SLED2 CPU0
A17: f0 | B17: =MID($A37,5,2) -> cd | C17: =MID($A37,8,2) -> 1f | D17: =MID($A37,11,2) -> 1f | E17: =MID($A37,14,2) -> 00 | F17: =MID($A37,17,2) -> 00 | G17: =MID($A37,20,2) -> 00 | H17: =MID($A37,23,2) -> 00 | I17: =MID($A37,26,2) -> 00 | J17: =MID($A37,29,2) -> 00 | K17: =MID($A37,32,2) -> 00 | L17: =MID($A37,35,2) -> 00 | M17: =MID($A37,38,2) -> 00 | N17: =MID($A37,41,2) -> 00 | O17: =MID($A37,44,2) -> 00 | P17: =MID($A37,47,2) -> 02 | Q17: =MID($A37,50,2) -> 0a | S17: =TEXT(HEX2BIN(B17),"00000000") -> 11001101 | T17: =TEXT(HEX2BIN(C17),"00000000") -> 00011111 | U17: =TEXT(HEX2BIN(D17),"00000000") -> 00011111 | V17: =TEXT(HEX2BIN(E17),"00000000") -> 00000000 | W17: =TEXT(HEX2BIN(F17),"00000000") -> 00000000 | X17: =TEXT(HEX2BIN(G17),"00000000") -> 00000000 | Y17: =TEXT(HEX2BIN(H17),"00000000") -> 00000000 | Z17: =TEXT(HEX2BIN(I17),"00000000") -> 00000000 | ... AH17: =TEXT(HEX2BIN(Q17),"00000000") -> 00001010 | AL17: 0x05[2] | AM17: iNODE2_FPGA_ROT_P1_RST_N | AN17: =MID(AN11,6,1) -> 1 | AO17: =MID(AO11,6,1) -> 0 | AQ17: loc="P3" | AV17: 0xC6 [7:0] | AW17: FRU ID Configuration - A | AX17: 41 | AY17: =H14 -> 41 | AZ17: {=_xlfn.TEXTJOIN("", TRUE, MID(CHAR(HEX2DEC(MID(AY17, ROW(INDIRECT("1:" & LEN(AY17)/2))*2-1, 2))), 1, 1))} -> A | BC17: 0xC2[5] | BD17: SLED1 CPU0
AL18: 0x05[1] | AM18: iNODE1_FPGA_ROT_P1_RST_N | AN18: =MID(AN11,7,1) -> 1 | AO18: =MID(AO11,7,1) -> 1 | AQ18: loc="A3" | AV18: 0xC7 [7:0] | AW18: FRU ID Configuration - B | AX18: 42 | AY18: =I14 -> 42 | AZ18: {=_xlfn.TEXTJOIN("", TRUE, MID(CHAR(HEX2DEC(MID(AY18, ROW(INDIRECT("1:" & LEN(AY18)/2))*2-1, 2))), 1, 1))} -> B | BC18: 0xC2[4] | BD18: SLE0 CPU0
AL19: 0x05[0] | AM19: iNODE0_FPGA_ROT_P1_RST_N | AN19: =MID(AN11,8,1) -> 1 | AO19: =MID(AO11,8,1) -> 1 | AQ19: loc="A16"
A20: Paste LOG Here ( i2cdump -y -a -f 6 0x30 ) | AL20: 0x06 [8:0] | AN20: =TEXT(11111111,"00000000") -> 11111111 | AO20: =MID(Y2,1,8) -> 00001111 | AW20: power statue | BC20: 0xC2[3:0] | BD20: CPU_SKTOCC: (1: NO CPU , 0: CPU install)
A21: 0 1 2 3 4 5 6 7 8 9 a b c d e f 0123456789abcdef | AL21: 0x06[7] | AM21: iVPDB_P48V_AUX4_UV_ALERT2_N | AN21: =MID(AN20,1,1) -> 1 | AO21: =MID(AO20,1,1) -> 0 | AQ21: loc="V4" | AV21: 0xF1 [8:0] | AX21: 11xx1101 | AY21: =MID(S17,1,8) -> 11001101 | BC21: 0xC2[3] | BD21: SLED3 CPU1
A22: 00: 10 00 00 00 ff 33 0f ff ff ff ff 00 00 00 00 00 ?....s?......... | AL22: 0x06[6] | AM22: iVPDB_P48V_AUX4_OC_ALERT1_N | AN22: =MID(AN20,2,1) -> 1 | AO22: =MID(AO20,2,1) -> 0 | AQ22: loc="U5" | AV22: 0xF0[7] | AW22: HPDB_P48V_AUX1_HS_FAULT_N | AX22: =MID(AX21,1,1) -> 1 | AY22: =MID(AY21,1,1) -> 1 | BA22: loc="F8" | BC22: 0xC2[2] | BD22: SLED2 CPU1
A23: 10: 00 00 00 00 00 00 00 00 00 64 06 1e 00 0f 02 00 .........d??.??. | AL23: 0x06[5] | AM23: iVPDB_P48V_AUX3_UV_ALERT2_N | AN23: =MID(AN20,3,1) -> 1 | AO23: =MID(AO20,3,1) -> 0 | AQ23: loc="U12" | AV23: 0xF0[6] | AW23: HPDB_P48V_AUX2_HS_FAULT_N | AX23: =MID(AX21,2,1) -> 1 | AY23: =MID(AY21,2,1) -> 1 | BA23: loc="L7" | BC23: 0xC2[1] | BD23: SLED1 CPU1
A24: 20: 00 00 00 00 00 00 00 00 00 00 00 00 00 00 00 00 ................ | AL24: 0x06[4] | AM24: iVPDB_P48V_AUX3_OC_ALERT1_N | AN24: =MID(AN20,4,1) -> 1 | AO24: =MID(AO20,4,1) -> 0 | AQ24: loc="V12" | AV24: 0xF0[5] | AW24: VPDB_P48V_AUX3_HS_FAULT_N | AX24: =IF(AY9="01","1","0") -> 0 | AY24: =MID(AY21,3,1) -> 0 | BA24: loc="U11" | BC24: 0xC2[0] | BD24: SLE0 CPU1
A25: 30: 00 00 00 00 2d 90 00 00 00 00 f0 00 00 00 00 00 ....-?....?..... | AL25: 0x06[3] | AM25: iHPDB_P48V_AUX2_UV_ALERT2_N | AN25: =MID(AN20,5,1) -> 1 | AO25: =MID(AO20,5,1) -> 1 | AQ25: loc="J7" | AV25: 0xF0[4] | AW25: VPDB_P48V_AUX4_HS_FAULT_N | AX25: =IF(AY9="01","1","0") -> 0 | AY25: =MID(AY21,4,1) -> 0 | BA25: loc="P5"
A26: 40: 10 00 00 00 00 00 00 00 00 00 00 00 00 00 00 00 ?............... | AL26: 0x06[2] | AM26: iHPDB_P48V_AUX2_OC_ALERT1_N | AN26: =MID(AN20,6,1) -> 1 | AO26: =MID(AO20,6,1) -> 1 | AQ26: loc="K7" | AV26: 0xF0[3] | AW26: PWRGD_P12V_AUX1 | AX26: =MID(AX21,5,1) -> 1 | AY26: =MID(AY21,5,1) -> 1 | BA26: loc="E7"
A27: 50: 10 04 02 0d 01 00 00 00 00 00 1a 04 17 06 00 00 ?????.....????.. | AL27: 0x06[1] | AM27: iHPDB_P48V_AUX1_UV_ALERT2_N | AN27: =MID(AN20,7,1) -> 1 | AO27: =MID(AO20,7,1) -> 1 | AQ27: loc="C9" | AV27: 0xF0[2] | AW27: PWRGD_P12V_AUX2 | AX27: =MID(AX21,6,1) -> 1 | AY27: =MID(AY21,6,1) -> 1 | BA27: loc="P7"
A28: 60: 10 00 02 18 01 00 00 00 00 00 1a 04 17 06 00 00 ?.???.....????.. | AL28: 0x06[0] | AM28: iHPDB_P48V_AUX1_OC_ALERT1_N | AN28: =MID(AN20,8,1) -> 1 | AO28: =MID(AO20,8,1) -> 1 | AQ28: loc="C8" | AV28: 0xF0[1] | AW28: fru_flash_sel | AX28: =MID(AX21,7,1) -> 0 | AY28: =MID(AY21,7,1) -> 0
A29: 70: 00 00 00 00 00 00 00 00 00 00 00 00 00 00 00 00 ................ | AV29: 0xF0[0] | AW29: BMC_GFPGA_MUX_SEL | AX29: =MID(AX21,8,1) -> 1 | AY29: =MID(AY21,8,1) -> 1
A30: 80: 00 00 00 00 00 00 00 00 00 00 00 00 00 00 00 00 ................ | AM30: power statue
A31: 90: 00 00 00 00 00 00 00 00 00 00 00 00 00 00 00 00 ................ | AL31: 0x18 [7] | AM31: FAN_PWM_SEL | AN31: 0 | AO31: =MID($AA3,1,1) -> 0 | AW31: GLB_THROTTLE/GLB_PWRBRK
A32: a0: 00 00 00 00 00 00 31 00 d1 00 00 00 00 00 00 00 ......1.?....... | AL32: 0x18 [6] | AM32: FAN_PWM_CTRL | AN32: 0 | AO32: =MID($AA3,2,1) -> 0 | AV32: 0xF1 [8:0] | AW32: GLB_THROTTLE_R_N_S_All | AX32: =TEXT(1111111,"00000000") -> 01111111 | AY32: =MID($T17,1,8) -> 00011111
A33: b0: 00 00 00 00 00 00 00 00 00 00 00 00 00 00 00 00 ................ | AL33: 0x18 [5:0] | AM33: FAN_FREQ_SET | AN33: 000000 | AO33: =MID($AA3,3,8) -> 000000 | AV33: 0xF1[7] | AW33: Reserved as '0' | AX33: =MID(AX32,1,1) -> 0 | AY33: =MID(AY32,1,1) -> 0
A34: c0: 0c e4 cc 43 34 33 41 42 00 00 00 00 00 00 00 00 ???C43AB........ | AL34: 0x19 [7:0] | AM34: FAN_DUTY_SET | AN34: don't care | AO34: =MID($K3,1,8) -> 64 | AP34: =TEXT(HEX2DEC(AO34)/100,"0.00%") -> 100.00% | AV34: 0xF1[6] | AW34: PWRGD_P12V_AUX4 | AX34: =MID(AX32,2,1) -> 1 | AY34: =MID(AY32,2,1) -> 0 | BA34: loc="H16"
A35: d0: 00 00 00 00 00 00 00 00 00 00 00 00 00 00 00 00 ................ | AL35: 0x1A [7:0] | AM35: FAN_WDG_CNT | AN35: 00 | AO35: =MID($L3,1,8) -> 06 | AV35: 0xF1[5] | AW35: PWRGD_P12V_AUX3 | AX35: =MID(AX32,3,1) -> 1 | AY35: =MID(AY32,3,1) -> 0 | BA35: loc="H17"
A36: e0: 00 00 00 00 00 00 00 00 00 00 00 00 00 00 00 00 ................ | AL36: 0x1B [7:0] | AM36: FAN_WDG | AN36: 1e | AO36: =MID($M3,1,8) -> 1e | AV36: 0xF1[4] | AW36: GLB_THROTTLE_R_N_S_All | AX36: =MID(AX32,4,1) -> 1 | AY36: =MID(AY32,4,1) -> 1
A37: f0: cd 1f 1f 00 00 00 00 00 00 00 00 00 00 00 02 0a ???...........?? | AV37: 0xF1[3] | AW37: GLB_THROTTLE_R_N_S_SLED3 | AX37: =MID(AX32,5,1) -> 1 | AY37: =MID(AY32,5,1) -> 1 | AZ37: =IF(BIN2DEC(AY37)=1,"stable","!SLED3 trottle!") -> stable
AM38: sync | AV38: 0xF1[2] | AW38: GLB_THROTTLE_R_N_S_SLED2 | AX38: =MID(AX32,6,1) -> 1 | AY38: =MID(AY32,6,1) -> 1 | AZ38: =IF(BIN2DEC(AY38)=1,"stable","!SLED2 trottle!") -> stable
AL39: 0x1D [8:0] | AN39: =TEXT(11111111,"00000000") -> 11111111 | AO39: =MID(AF3,1,8) -> 00001111 | AV39: 0xF1[1] | AW39: GLB_THROTTLE_R_N_S_SLED1 | AX39: =MID(AX32,7,1) -> 1 | AY39: =MID(AY32,7,1) -> 1 | AZ39: =IF(BIN2DEC(AY39)=1,"stable","!SLED1 trottle!") -> stable
AL40: 0x1D[7] | AM40: ifm_hpm_stby_rst_node3_global_ack | AN40: =MID(AN39,1,1) -> 1 | AO40: =MID(AO39,1,1) -> 0 | AQ40: loc="AA4" | AV40: 0xF1[0] | AW40: GLB_THROTTLE_R_N_S_SLED0 | AX40: =MID(AX32,8,1) -> 1 | AY40: =MID(AY32,8,1) -> 1 | AZ40: =IF(BIN2DEC(AY40)=1,"stable","!SLED0 trottle!") -> stable
AL41: 0x1D[6] | AM41: ifm_hpm_stby_rst_node3_local_sync | AN41: =MID(AN39,2,1) -> 1 | AO41: =MID(AO39,2,1) -> 0 | AQ41: loc="AB4" | AV41: 0xF2 [8:0] | AW41: GLB_PWRBRK_R_N_S_All | AX41: =TEXT(11111,"00000000") -> 00011111 | AY41: =MID($U17,1,8) -> 00011111
AL42: 0x1D[5] | AM42: ifm_hpm_stby_rst_node2_global_ack | AN42: =MID(AN39,3,1) -> 1 | AO42: =MID(AO39,3,1) -> 0 | AQ42: loc="Y1" | AV42: 0xF2[7] | AW42: Reserved as '0' | AX42: =MID(AX41,1,1) -> 0 | AY42: =MID(AY41,1,1) -> 0
AL43: 0x1D[4] | AM43: ifm_hpm_stby_rst_node2_local_sync | AN43: =MID(AN39,4,1) -> 1 | AO43: =MID(AO39,4,1) -> 0 | AQ43: loc="Y2" | AV43: 0xF2[6] | AW43: Reserved as '0' | AX43: =MID(AX41,2,1) -> 0 | AY43: =MID(AY41,2,1) -> 0
AL44: 0x1D[3] | AM44: ifm_hpm_stby_rst_node1_global_ack | AN44: =MID(AN39,5,1) -> 1 | AO44: =MID(AO39,5,1) -> 1 | AQ44: loc="A11" | AV44: 0xF2[5] | AW44: Reserved as '0' | AX44: =MID(AX41,3,1) -> 0 | AY44: =MID(AY41,3,1) -> 0
AL45: 0x1D[2] | AM45: ifm_hpm_stby_rst_node1_local_sync | AN45: =MID(AN39,6,1) -> 1 | AO45: =MID(AO39,6,1) -> 1 | AQ45: loc="B9" | AV45: 0xF2[4] | AW45: GLB_PWRBRK_R_N_S_All | AX45: =MID(AX41,4,1) -> 1 | AY45: =MID(AY41,4,1) -> 1
AL46: 0x1D[1] | AM46: ifm_hpm_stby_rst_node0_global_ack | AN46: =MID(AN39,7,1) -> 1 | AO46: =MID(AO39,7,1) -> 1 | AQ46: loc="D15" | AV46: 0xF2[3] | AW46: GLB_PWRBRK_R_N_S_SLED3 | AX46: =MID(AX41,5,1) -> 1 | AY46: =MID(AY41,5,1) -> 1 | AZ46: =IF(BIN2DEC(AY46)=1,"stable","!SLED3 prochot!") -> stable
AL47: 0x1D[0] | AM47: ifm_hpm_stby_rst_node0_local_sync | AN47: =MID(AN39,8,1) -> 1 | AO47: =MID(AO39,8,1) -> 1 | AQ47: loc="D17" | AV47: 0xF2[2] | AW47: GLB_PWRBRK_R_N_S_SLED2 | AX47: =MID(AX41,6,1) -> 1 | AY47: =MID(AY41,6,1) -> 1 | AZ47: =IF(BIN2DEC(AY47)=1,"stable","!SLED2 prochot!") -> stable
AV48: 0xF2[1] | AW48: GLB_PWRBRK_R_N_S_SLED1 | AX48: =MID(AX41,7,1) -> 1 | AY48: =MID(AY41,7,1) -> 1 | AZ48: =IF(BIN2DEC(AY48)=1,"stable","!SLED1 prochot!") -> stable
AM49: WOL | AV49: 0xF2[0] | AW49: GLB_PWRBRK_R_N_S_SLED0 | AX49: =MID(AX41,8,1) -> 1 | AY49: =MID(AY41,8,1) -> 1 | AZ49: =IF(BIN2DEC(AY49)=1,"stable","!SLED0 prochot!") -> stable
AL50: 0x1E [7:0] | AM50: choose trigger sled | AN50: don't care | AO50: =AG3 -> 00000010
AW51: Version
AM52: temp | AV52: 0xFD [7:0] | AW52: AUX Version | AX52: =TEXT(0,"00") -> 00 | AY52: =MID($O17,1,2) -> 00
AL53: 0x34 [7:0] | AM53: hpdb_temp_High byte | AN53: don't care | AO53: =MID($W5,1,8) -> 00101101 | AV53: 0xFE [7:0] | AW53: Major Version | AX53: =TEXT(2,"00") -> 02 | AY53: =MID($P17,1,2) -> 02
AL54: 0x35 [7:0] | AM54: hpdb_temp_Low byte | AN54: don't care | AO54: =MID($X5,1,8) -> 10010000 | AV54: 0xFF [7:0] | AW54: Minor Version | AX54: =TEXT(8,"00") -> 08 | AY54: =MID($Q17,1,2) -> 0a
AL55: 0x36 [7:0] | AM55: vpdb_temp_High byte | AN55: don't care | AO55: =MID($Y5,1,8) -> 00000000
AL56: 0x37 [7:0] | AM56: vpdb_temp_Low byte | AN56: don't care | AO56: =MID($Z5,1,8) -> 00000000
AM58: HPDB/VPDB state | AN58: EXP. | AO58: Data.
AL59: 0x3A [7] | AM59: FM_HPDB_P12V_AUX1_EN | AN59: 1 | AO59: =MID(AC5,1,1) -> 1 | AQ59: loc="D21"
AL60: 0x3A [6] | AM60: FM_HPDB_P12V_AUX2_EN | AN60: 1 | AO60: =MID(AC5,2,1) -> 1 | AQ60: loc="E21"
AL61: 0x3A [5] | AM61: HPDB_P48V_AUX1_HS_PWRGD | AN61: 1 | AO61: =MID(AC5,3,1) -> 1 | AP61: =IF(BIN2DEC(AO61)=1,"pin[F9] stable","!!!!pin[F9] ERROR!!!") -> pin[F9] stable | AQ61: loc="F9"
AL62: 0x3A [4] | AM62: HPDB_P48V_AUX2_HS_PWRGD | AN62: 1 | AO62: =MID(AC5,4,1) -> 1 | AP62: =IF(BIN2DEC(AO62)=1,"pin[L6] stable","!!!!pin[L6] ERROR!!!") -> pin[L6] stable | AQ62: loc="L6"
AL63: 0x3A [3] | AM63: FM_VPDB_P12V_AUX3_EN | AN63: =IF(AY9="01","1","0") -> 0 | AO63: =MID(AC5,5,1) -> 0 | AQ63: loc="T21"
AL64: 0x3A [2] | AM64: FM_VPDB_P12V_AUX4_EN | AN64: =IF(AY9="01","1","0") -> 0 | AO64: =MID(AC5,6,1) -> 0 | AQ64: loc="R21"
AL65: 0x3A [1] | AM65: VPDB_P48V_AUX3_HS_PWRGD | AN65: =IF(AY9="01","1","0") -> 0 | AO65: =MID(AC5,7,1) -> 0 | AP65: =IF(BIN2DEC(AO65)=1,"pin[V11] stable","!!!!no vpdb!!!") -> !!!!no vpdb!!! | AQ65: loc="V11"
AL66: 0x3A [0] | AM66: VPDB_P48V_AUX4_HS_PWRGD | AN66: =IF(AY9="01","1","0") -> 0 | AO66: =MID(AC5,8,1) -> 0 | AP66: =IF(BIN2DEC(AO66)=1,"pin[V11] stable","!!!!no vpdb!!!") -> !!!!no vpdb!!! | AQ66: loc="T5"
AM68: Register for MSFT Secure IP
AL69: 0x40 [8:0] | AO69: =MID(S6,1,8) -> 00010000
AL70: 0x05[7:4] | AM70: STATE_ROUGH | AN70: don't care | AO70: =MID(AO69,1,1) -> 0
AL71: 0x05[1] | AM71: BMC_LK_EN | AN71: don't care | AO71: =MID(AO69,6,1) -> 0
AL72: 0x05[0] | AM72: BMC_UL_EN | AN72: don't care | AO72: =MID(AO69,7,1) -> 0
AL73: 0x41 [8:0] | AM73: STATE_DETAIL | AN73: don't care | AO73: =MID(T6,1,8) -> 00000000
AM75: mailbox
AL76: 0x50 ~ 0x5F [7:0] | AM76: SLED0 Mailbox_data [15:0] | AN76: don't care | AO76: don't care
AL77: 0x60 ~ 0x6F [7:0] | AM77: SLED1 Mailbox_data [15:0] | AN77: don't care | AO77: don't care
AL78: 0x70 ~ 0x7F [7:0] | AM78: SLED2 Mailbox_data [15:0] | AN78: don't care | AO78: don't care
AL79: 0x80 ~ 0x8F [7:0] | AM79: SLED3 Mailbox_data [15:0] | AN79: don't care | AO79: don't care

Sheet SCM reg
A1: LOG | B1: 0 | C1: 1 | D1: 2 | E1: 3 | F1: 4 | G1: 5 | H1: 6 | I1: 7 | J1: 8 | K1: 9 | L1: A | M1: B | N1: C | O1: D | P1: E | Q1: F | S1: 0 | T1: 1 | U1: 2 | V1: 3 | W1: 4 | X1: 5 | Y1: 6 | Z1: 7 | AA1: 8 | AB1: 9 | AC1: A | AD1: B | AE1: C | AF1: D | AG1: E | AH1: F
A2: 0 | B2: =MID($A22,5,2) -> 36 | C2: =MID($A22,8,2) -> 01 | D2: =MID($A22,11,2) -> 01 | E2: =MID($A22,14,2) -> 0f | F2: =MID($A22,17,2) -> 03 | G2: =MID($A22,20,2) -> 00 | H2: =MID($A22,23,2) -> 00 | I2: =MID($A22,26,2) -> 00 | J2: =MID($A22,29,2) -> 86 | K2: =MID($A22,32,2) -> cd | L2: =MID($A22,35,2) -> 09 | M2: =MID($A22,38,2) -> ff | N2: =MID($A22,41,2) -> 1b | O2: =MID($A22,44,2) -> 00 | P2: =MID($A22,47,2) -> 00 | Q2: =MID($A22,50,2) -> 00 | S2: =TEXT(HEX2BIN(B2),"00000000") -> 00110110 | T2: =TEXT(HEX2BIN(C2),"00000000") -> 00000001 | U2: =TEXT(HEX2BIN(D2),"00000000") -> 00000001 | V2: =TEXT(HEX2BIN(E2),"00000000") -> 00001111 | W2: =TEXT(HEX2BIN(F2),"00000000") -> 00000011 | X2: =TEXT(HEX2BIN(G2),"00000000") -> 00000000 | Y2: =TEXT(HEX2BIN(H2),"00000000") -> 00000000 | Z2: =TEXT(HEX2BIN(I2),"00000000") -> 00000000 | ... AH2: =TEXT(HEX2BIN(Q2),"00000000") -> 00000000 | AV2: SGPIO DATA Detail
A3: 10 | B3: =MID($A23,5,2) -> bf | C3: =MID($A23,8,2) -> be | D3: =MID($A23,11,2) -> eb | E3: =MID($A23,14,2) -> f8 | F3: =MID($A23,17,2) -> ff | G3: =MID($A23,20,2) -> ff | H3: =MID($A23,23,2) -> ff | I3: =MID($A23,26,2) -> f7 | J3: =MID($A23,29,2) -> 9f | K3: =MID($A23,32,2) -> 0f | L3: =MID($A23,35,2) -> 00 | M3: =MID($A23,38,2) -> 00 | N3: =MID($A23,41,2) -> 00 | O3: =MID($A23,44,2) -> 00 | P3: =MID($A23,47,2) -> 00 | Q3: =MID($A23,50,2) -> 00 | S3: =TEXT(HEX2BIN(B3),"00000000") -> 10111111 | T3: =TEXT(HEX2BIN(C3),"00000000") -> 10111110 | U3: =TEXT(HEX2BIN(D3),"00000000") -> 11101011 | V3: =TEXT(HEX2BIN(E3),"00000000") -> 11111000 | W3: =TEXT(HEX2BIN(F3),"00000000") -> 11111111 | X3: =TEXT(HEX2BIN(G3),"00000000") -> 11111111 | Y3: =TEXT(HEX2BIN(H3),"00000000") -> 11111111 | Z3: =TEXT(HEX2BIN(I3),"00000000") -> 11110111 | ... AH3: =TEXT(HEX2BIN(Q3),"00000000") -> 00000000 | AM3: Common info | AX3: Common info | BA3: EXP. | BB3: Data. | BH3: Common info | BK3: EXP. | BL3: Data.
A4: 20 | B4: =MID($A24,5,2) -> 63 | C4: =MID($A24,8,2) -> 4c | D4: =MID($A24,11,2) -> de | E4: =MID($A24,14,2) -> ce | F4: =MID($A24,17,2) -> 7f | G4: =MID($A24,20,2) -> 0d | H4: =MID($A24,23,2) -> 00 | I4: =MID($A24,26,2) -> 00 | J4: =MID($A24,29,2) -> fe | K4: =MID($A24,32,2) -> 1f | L4: =MID($A24,35,2) -> 00 | M4: =MID($A24,38,2) -> 00 | N4: =MID($A24,41,2) -> 00 | O4: =MID($A24,44,2) -> 00 | P4: =MID($A24,47,2) -> 00 | Q4: =MID($A24,50,2) -> 00 | S4: =TEXT(HEX2BIN(B4),"00000000") -> 01100011 | T4: =TEXT(HEX2BIN(C4),"00000000") -> 01001100 | U4: =TEXT(HEX2BIN(D4),"00000000") -> 11011110 | V4: =TEXT(HEX2BIN(E4),"00000000") -> 11001110 | W4: =TEXT(HEX2BIN(F4),"00000000") -> 01111111 | X4: =TEXT(HEX2BIN(G4),"00000000") -> 00001101 | Y4: =TEXT(HEX2BIN(H4),"00000000") -> 00000000 | Z4: =TEXT(HEX2BIN(I4),"00000000") -> 00000000 | ... AH4: =TEXT(HEX2BIN(Q4),"00000000") -> 00000000 | AM4: CPLD Revision | AN4: EXP. | AO4: Data. | AP4: Analyze | AW4: 0x10 [7:0] | AX4: Check SGPIO 0 Data | BA4: =AN25 -> 10111111 | BB4: =AO25 -> 10111111 | BG4: 0x20 [7:0] | BH4: Check SGPIO 0 Data | BK4: =AN36 -> 01100100 | BL4: =AO36 -> 01100011
A5: 30 | B5: =MID($A25,5,2) -> 00 | C5: =MID($A25,8,2) -> 00 | D5: =MID($A25,11,2) -> f9 | E5: =MID($A25,14,2) -> 0b | F5: =MID($A25,17,2) -> 00 | G5: =MID($A25,20,2) -> 00 | H5: =MID($A25,23,2) -> 00 | I5: =MID($A25,26,2) -> 00 | J5: =MID($A25,29,2) -> 00 | K5: =MID($A25,32,2) -> 00 | L5: =MID($A25,35,2) -> 00 | M5: =MID($A25,38,2) -> 00 | N5: =MID($A25,41,2) -> 00 | O5: =MID($A25,44,2) -> 00 | P5: =MID($A25,47,2) -> 00 | Q5: =MID($A25,50,2) -> 00 | S5: =TEXT(HEX2BIN(B5),"00000000") -> 00000000 | T5: =TEXT(HEX2BIN(C5),"00000000") -> 00000000 | U5: =TEXT(HEX2BIN(D5),"00000000") -> 11111001 | V5: =TEXT(HEX2BIN(E5),"00000000") -> 00001011 | W5: =TEXT(HEX2BIN(F5),"00000000") -> 00000000 | X5: =TEXT(HEX2BIN(G5),"00000000") -> 00000000 | Y5: =TEXT(HEX2BIN(H5),"00000000") -> 00000000 | Z5: =TEXT(HEX2BIN(I5),"00000000") -> 00000000 | ... AH5: =TEXT(HEX2BIN(Q5),"00000000") -> 00000000 | AL5: 0x00 [7:4] | AM5: Major Revision | AN5: 3 | AO5: =MID($B2,1,1) -> 3 | AW5: 0x10 [7] | AX5: P0_PROCHOT_N | BA5: =MID($BA4,1,1) -> 1 | BB5: =MID($BB4,1,1) -> 1 | BG5: 0x20 [7] | BH5: PDB_ALERT3_EN_N | BK5: =MID($BK4,1,1) -> 0 | BL5: =MID($BL4,1,1) -> 0
A6: 40 | B6: =MID($A26,5,2) -> 10 | C6: =MID($A26,8,2) -> 00 | D6: =MID($A26,11,2) -> 00 | E6: =MID($A26,14,2) -> 00 | F6: =MID($A26,17,2) -> 00 | G6: =MID($A26,20,2) -> 00 | H6: =MID($A26,23,2) -> 00 | I6: =MID($A26,26,2) -> 00 | J6: =MID($A26,29,2) -> 00 | K6: =MID($A26,32,2) -> 00 | L6: =MID($A26,35,2) -> 00 | M6: =MID($A26,38,2) -> 00 | N6: =MID($A26,41,2) -> 00 | O6: =MID($A26,44,2) -> 00 | P6: =MID($A26,47,2) -> 00 | Q6: =MID($A26,50,2) -> 00 | S6: =TEXT(HEX2BIN(B6),"00000000") -> 00010000 | T6: =TEXT(HEX2BIN(C6),"00000000") -> 00000000 | U6: =TEXT(HEX2BIN(D6),"00000000") -> 00000000 | V6: =TEXT(HEX2BIN(E6),"00000000") -> 00000000 | W6: =TEXT(HEX2BIN(F6),"00000000") -> 00000000 | X6: =TEXT(HEX2BIN(G6),"00000000") -> 00000000 | Y6: =TEXT(HEX2BIN(H6),"00000000") -> 00000000 | Z6: =TEXT(HEX2BIN(I6),"00000000") -> 00000000 | ... AH6: =TEXT(HEX2BIN(Q6),"00000000") -> 00000000 | AL6: 0x00 [3:0] | AM6: Minor Revision | AN6: 4 | AO6: =MID($B2,2,1) -> 6 | AR6: SGPIO Link Status: | AW6: 0x10 [5] | AX6: P0_BMC_MEMTRIP_N | BA6: =MID($BA4,3,1) -> 1 | BB6: =MID($BB4,3,1) -> 1 | BG6: 0x20 [6] | BH6: PDB_ALERT2_EN_N | BK6: =MID($BK4,2,1) -> 1 | BL6: =MID($BL4,2,1) -> 1
A7: 50 | B7: =MID($A27,5,2) -> 00 | C7: =MID($A27,8,2) -> 00 | D7: =MID($A27,11,2) -> 00 | E7: =MID($A27,14,2) -> 00 | F7: =MID($A27,17,2) -> 00 | G7: =MID($A27,20,2) -> 00 | H7: =MID($A27,23,2) -> 00 | I7: =MID($A27,26,2) -> 00 | J7: =MID($A27,29,2) -> 00 | K7: =MID($A27,32,2) -> 00 | L7: =MID($A27,35,2) -> 00 | M7: =MID($A27,38,2) -> 00 | N7: =MID($A27,41,2) -> 00 | O7: =MID($A27,44,2) -> 00 | P7: =MID($A27,47,2) -> 00 | Q7: =MID($A27,50,2) -> 00 | S7: =TEXT(HEX2BIN(B7),"00000000") -> 00000000 | T7: =TEXT(HEX2BIN(C7),"00000000") -> 00000000 | U7: =TEXT(HEX2BIN(D7),"00000000") -> 00000000 | V7: =TEXT(HEX2BIN(E7),"00000000") -> 00000000 | W7: =TEXT(HEX2BIN(F7),"00000000") -> 00000000 | X7: =TEXT(HEX2BIN(G7),"00000000") -> 00000000 | Y7: =TEXT(HEX2BIN(H7),"00000000") -> 00000000 | Z7: =TEXT(HEX2BIN(I7),"00000000") -> 00000000 | ... AH7: =TEXT(HEX2BIN(Q7),"00000000") -> 00000000 | AM7: SGPIO Control / Status | AR7: 2'b00 | AS7: Off | AW7: 0x10 [4] | AX7: H_CPU0_MEMHOT_OUT_LVC1_N | BA7: =MID($BA4,4,1) -> 1 | BB7: =MID($BB4,4,1) -> 1 | BG7: 0x20 [5] | BH7: RST_MIC_MUX_N | BK7: =MID($BK4,3,1) -> 1 | BL7: =MID($BL4,3,1) -> 1
A8: 60 | B8: =MID($A28,5,2) -> 00 | C8: =MID($A28,8,2) -> 00 | D8: =MID($A28,11,2) -> 00 | E8: =MID($A28,14,2) -> 00 | F8: =MID($A28,17,2) -> 00 | G8: =MID($A28,20,2) -> 00 | H8: =MID($A28,23,2) -> 00 | I8: =MID($A28,26,2) -> 00 | J8: =MID($A28,29,2) -> 00 | K8: =MID($A28,32,2) -> 00 | L8: =MID($A28,35,2) -> 00 | M8: =MID($A28,38,2) -> 00 | N8: =MID($A28,41,2) -> 00 | O8: =MID($A28,44,2) -> 00 | P8: =MID($A28,47,2) -> 00 | Q8: =MID($A28,50,2) -> 00 | S8: =TEXT(HEX2BIN(B8),"00000000") -> 00000000 | T8: =TEXT(HEX2BIN(C8),"00000000") -> 00000000 | U8: =TEXT(HEX2BIN(D8),"00000000") -> 00000000 | V8: =TEXT(HEX2BIN(E8),"00000000") -> 00000000 | W8: =TEXT(HEX2BIN(F8),"00000000") -> 00000000 | X8: =TEXT(HEX2BIN(G8),"00000000") -> 00000000 | Y8: =TEXT(HEX2BIN(H8),"00000000") -> 00000000 | Z8: =TEXT(HEX2BIN(I8),"00000000") -> 00000000 | ... AH8: =TEXT(HEX2BIN(Q8),"00000000") -> 00000000 | AL8: 0x01 [0] | AM8: SGPIO#0 Control Bit | AN8: 1 | AO8: =MID($C2,2,1) -> 1 | AR8: 2'b01 | AS8: Establishment | AW8: 0x10 [3] | AX8: P0_MEM_VRHOT_N | BA8: =MID($BA4,5,1) -> 1 | BB8: =MID($BB4,5,1) -> 1 | BG8: 0x20 [4] | BH8: RST_BMC_RTCRST | BK8: =MID($BK4,4,1) -> 0 | BL8: =MID($BL4,4,1) -> 0
A9: 70 | B9: =MID($A29,5,2) -> 00 | C9: =MID($A29,8,2) -> 00 | D9: =MID($A29,11,2) -> 00 | E9: =MID($A29,14,2) -> 00 | F9: =MID($A29,17,2) -> 00 | G9: =MID($A29,20,2) -> 00 | H9: =MID($A29,23,2) -> 00 | I9: =MID($A29,26,2) -> 00 | J9: =MID($A29,29,2) -> 00 | K9: =MID($A29,32,2) -> 00 | L9: =MID($A29,35,2) -> 00 | M9: =MID($A29,38,2) -> 00 | N9: =MID($A29,41,2) -> 00 | O9: =MID($A29,44,2) -> 00 | P9: =MID($A29,47,2) -> 00 | Q9: =MID($A29,50,2) -> 00 | S9: =TEXT(HEX2BIN(B9),"00000000") -> 00000000 | T9: =TEXT(HEX2BIN(C9),"00000000") -> 00000000 | U9: =TEXT(HEX2BIN(D9),"00000000") -> 00000000 | V9: =TEXT(HEX2BIN(E9),"00000000") -> 00000000 | W9: =TEXT(HEX2BIN(F9),"00000000") -> 00000000 | X9: =TEXT(HEX2BIN(G9),"00000000") -> 00000000 | Y9: =TEXT(HEX2BIN(H9),"00000000") -> 00000000 | Z9: =TEXT(HEX2BIN(I9),"00000000") -> 00000000 | ... AH9: =TEXT(HEX2BIN(Q9),"00000000") -> 00000000 | AL9: 0x02 [0] | AM9: SGPIO#1 Control Bit | AN9: 1 | AO9: =MID($D2,2,1) -> 1 | AR9: 2'b10 | AS9: Fail | AW9: 0x10 [2] | AX9: FM_CPU0_ERR2_LVT3_N | BA9: =MID($BA4,6,1) -> 1 | BB9: =MID($BB4,6,1) -> 1 | BG9: 0x20 [3] | BH9: FM_REMOTE_DEBUG_EN_N | BK9: =MID($BK4,5,1) -> 0 | BL9: =MID($BL4,5,1) -> 0
A10: 80 | B10: =MID($A30,5,2) -> 00 | C10: =MID($A30,8,2) -> 00 | D10: =MID($A30,11,2) -> 00 | E10: =MID($A30,14,2) -> 00 | F10: =MID($A30,17,2) -> 00 | G10: =MID($A30,20,2) -> 00 | H10: =MID($A30,23,2) -> 00 | I10: =MID($A30,26,2) -> 00 | J10: =MID($A30,29,2) -> 00 | K10: =MID($A30,32,2) -> 00 | L10: =MID($A30,35,2) -> 00 | M10: =MID($A30,38,2) -> 00 | N10: =MID($A30,41,2) -> 00 | O10: =MID($A30,44,2) -> 00 | P10: =MID($A30,47,2) -> 00 | Q10: =MID($A30,50,2) -> 00 | S10: =TEXT(HEX2BIN(B10),"00000000") -> 00000000 | T10: =TEXT(HEX2BIN(C10),"00000000") -> 00000000 | U10: =TEXT(HEX2BIN(D10),"00000000") -> 00000000 | V10: =TEXT(HEX2BIN(E10),"00000000") -> 00000000 | W10: =TEXT(HEX2BIN(F10),"00000000") -> 00000000 | X10: =TEXT(HEX2BIN(G10),"00000000") -> 00000000 | Y10: =TEXT(HEX2BIN(H10),"00000000") -> 00000000 | Z10: =TEXT(HEX2BIN(I10),"00000000") -> 00000000 | ... AH10: =TEXT(HEX2BIN(Q10),"00000000") -> 00000000 | AL10: 0x03 [3:2] | AM10: SGPIO 1 Link Status | AN10: 11 | AO10: =MID($V2,5,2) -> 11 | AP10: =IF(BIN2DEC(AO10)=3,"link stable","!!!!CRC ERROR!!!") -> link stable | AR10: 2'b11 | AS10: Ready | AW10: 0x10 [1] | AX10: FM_CPU0_ERR1_LVT3_N | BA10: =MID($BA4,7,1) -> 1 | BB10: =MID($BB4,7,1) -> 1 | BG10: 0x20 [2] | BH10: FM_SCM_BOARD_REV_ID2 | BK10: =MID($BK4,6,1) -> 1 | BL10: =MID($BL4,6,1) -> 0
A11: 90 | B11: =MID($A31,5,2) -> 00 | C11: =MID($A31,8,2) -> 00 | D11: =MID($A31,11,2) -> 00 | E11: =MID($A31,14,2) -> 00 | F11: =MID($A31,17,2) -> 00 | G11: =MID($A31,20,2) -> 00 | H11: =MID($A31,23,2) -> 00 | I11: =MID($A31,26,2) -> 00 | J11: =MID($A31,29,2) -> 00 | K11: =MID($A31,32,2) -> 00 | L11: =MID($A31,35,2) -> 00 | M11: =MID($A31,38,2) -> 00 | N11: =MID($A31,41,2) -> 00 | O11: =MID($A31,44,2) -> 00 | P11: =MID($A31,47,2) -> 00 | Q11: =MID($A31,50,2) -> 00 | S11: =TEXT(HEX2BIN(B11),"00000000") -> 00000000 | T11: =TEXT(HEX2BIN(C11),"00000000") -> 00000000 | U11: =TEXT(HEX2BIN(D11),"00000000") -> 00000000 | V11: =TEXT(HEX2BIN(E11),"00000000") -> 00000000 | W11: =TEXT(HEX2BIN(F11),"00000000") -> 00000000 | X11: =TEXT(HEX2BIN(G11),"00000000") -> 00000000 | Y11: =TEXT(HEX2BIN(H11),"00000000") -> 00000000 | Z11: =TEXT(HEX2BIN(I11),"00000000") -> 00000000 | ... AH11: =TEXT(HEX2BIN(Q11),"00000000") -> 00000000 | AL11: 0x03 [1:0] | AM11: SGPIO 0 Link Status | AN11: 11 | AO11: =MID($V2,7,2) -> 11 | AP11: =IF(BIN2DEC(AO11)=3,"link stable","!!!!CRC ERROR!!!") -> link stable | AW11: 0x10 [0] | AX11: FM_CPU0_ERR0_LVT3_N | BA11: =MID($BA4,8,1) -> 1 | BB11: =MID($BB4,8,1) -> 1 | BG11: 0x20 [1] | BH11: FM_SCM_BOARD_REV_ID1 | BK11: =MID($BK4,7,1) -> 0 | BL11: =MID($BL4,7,1) -> 1
A12: a0 | B12: =MID($A32,5,2) -> 00 | C12: =MID($A32,8,2) -> 00 | D12: =MID($A32,11,2) -> 00 | E12: =MID($A32,14,2) -> 00 | F12: =MID($A32,17,2) -> 00 | G12: =MID($A32,20,2) -> 00 | H12: =MID($A32,23,2) -> 00 | I12: =MID($A32,26,2) -> 00 | J12: =MID($A32,29,2) -> 00 | K12: =MID($A32,32,2) -> 00 | L12: =MID($A32,35,2) -> 00 | M12: =MID($A32,38,2) -> 00 | N12: =MID($A32,41,2) -> 00 | O12: =MID($A32,44,2) -> 00 | P12: =MID($A32,47,2) -> 00 | Q12: =MID($A32,50,2) -> 00 | S12: =TEXT(HEX2BIN(B12),"00000000") -> 00000000 | T12: =TEXT(HEX2BIN(C12),"00000000") -> 00000000 | U12: =TEXT(HEX2BIN(D12),"00000000") -> 00000000 | V12: =TEXT(HEX2BIN(E12),"00000000") -> 00000000 | W12: =TEXT(HEX2BIN(F12),"00000000") -> 00000000 | X12: =TEXT(HEX2BIN(G12),"00000000") -> 00000000 | Y12: =TEXT(HEX2BIN(H12),"00000000") -> 00000000 | Z12: =TEXT(HEX2BIN(I12),"00000000") -> 00000000 | ... AH12: =TEXT(HEX2BIN(Q12),"00000000") -> 00000000 | AL12: 0x04 [1] | AM12: WOL_OUT | AO12: =MID(W2,7,1) -> 1 | BG12: 0x20 [0] | BH12: FM_SCM_BOARD_REV_ID0 | BK12: =MID($BK4,8,1) -> 0 | BL12: =MID($BL4,8,1) -> 1
A13: b0 | B13: =MID($A33,5,2) -> 00 | C13: =MID($A33,8,2) -> 00 | D13: =MID($A33,11,2) -> 00 | E13: =MID($A33,14,2) -> 00 | F13: =MID($A33,17,2) -> 00 | G13: =MID($A33,20,2) -> 00 | H13: =MID($A33,23,2) -> 00 | I13: =MID($A33,26,2) -> 00 | J13: =MID($A33,29,2) -> 00 | K13: =MID($A33,32,2) -> 00 | L13: =MID($A33,35,2) -> 00 | M13: =MID($A33,38,2) -> 00 | N13: =MID($A33,41,2) -> 00 | O13: =MID($A33,44,2) -> 00 | P13: =MID($A33,47,2) -> 00 | Q13: =MID($A33,50,2) -> 00 | S13: =TEXT(HEX2BIN(B13),"00000000") -> 00000000 | T13: =TEXT(HEX2BIN(C13),"00000000") -> 00000000 | U13: =TEXT(HEX2BIN(D13),"00000000") -> 00000000 | V13: =TEXT(HEX2BIN(E13),"00000000") -> 00000000 | W13: =TEXT(HEX2BIN(F13),"00000000") -> 00000000 | X13: =TEXT(HEX2BIN(G13),"00000000") -> 00000000 | Y13: =TEXT(HEX2BIN(H13),"00000000") -> 00000000 | Z13: =TEXT(HEX2BIN(I13),"00000000") -> 00000000 | ... AH13: =TEXT(HEX2BIN(Q13),"00000000") -> 00000000 | AL13: 0x04 [0] | AM13: WOL_IN | AO13: =MID(W2,8,1) -> 1
A14: c0 | B14: =MID($A34,5,2) -> 00 | C14: =MID($A34,8,2) -> 00 | D14: =MID($A34,11,2) -> 00 | E14: =MID($A34,14,2) -> 00 | F14: =MID($A34,17,2) -> 00 | G14: =MID($A34,20,2) -> 00 | H14: =MID($A34,23,2) -> 00 | I14: =MID($A34,26,2) -> 00 | J14: =MID($A34,29,2) -> 00 | K14: =MID($A34,32,2) -> 00 | L14: =MID($A34,35,2) -> 00 | M14: =MID($A34,38,2) -> 00 | N14: =MID($A34,41,2) -> 00 | O14: =MID($A34,44,2) -> 00 | P14: =MID($A34,47,2) -> 00 | Q14: =MID($A34,50,2) -> 00 | S14: =TEXT(HEX2BIN(B14),"00000000") -> 00000000 | T14: =TEXT(HEX2BIN(C14),"00000000") -> 00000000 | U14: =TEXT(HEX2BIN(D14),"00000000") -> 00000000 | V14: =TEXT(HEX2BIN(E14),"00000000") -> 00000000 | W14: =TEXT(HEX2BIN(F14),"00000000") -> 00000000 | X14: =TEXT(HEX2BIN(G14),"00000000") -> 00000000 | Y14: =TEXT(HEX2BIN(H14),"00000000") -> 00000000 | Z14: =TEXT(HEX2BIN(I14),"00000000") -> 00000000 | ... AH14: =TEXT(HEX2BIN(Q14),"00000000") -> 00000000 | AL14: 0x06 [7:0] | AM14: SGPIO 0 CRC error count | AN14: 00 | AO14: =MID($H2,1,2) -> 00 | AP14: =IF(BIN2DEC(AO14)>0,"!!!!CRC ERROR!!!","link stable") -> link stable
A15: d0 | B15: =MID($A35,5,2) -> 00 | C15: =MID($A35,8,2) -> 00 | D15: =MID($A35,11,2) -> 00 | E15: =MID($A35,14,2) -> 00 | F15: =MID($A35,17,2) -> 00 | G15: =MID($A35,20,2) -> 00 | H15: =MID($A35,23,2) -> 00 | I15: =MID($A35,26,2) -> 00 | J15: =MID($A35,29,2) -> 00 | K15: =MID($A35,32,2) -> 00 | L15: =MID($A35,35,2) -> 00 | M15: =MID($A35,38,2) -> 00 | N15: =MID($A35,41,2) -> 00 | O15: =MID($A35,44,2) -> 00 | P15: =MID($A35,47,2) -> 00 | Q15: =MID($A35,50,2) -> 00 | S15: =TEXT(HEX2BIN(B15),"00000000") -> 00000000 | T15: =TEXT(HEX2BIN(C15),"00000000") -> 00000000 | U15: =TEXT(HEX2BIN(D15),"00000000") -> 00000000 | V15: =TEXT(HEX2BIN(E15),"00000000") -> 00000000 | W15: =TEXT(HEX2BIN(F15),"00000000") -> 00000000 | X15: =TEXT(HEX2BIN(G15),"00000000") -> 00000000 | Y15: =TEXT(HEX2BIN(H15),"00000000") -> 00000000 | Z15: =TEXT(HEX2BIN(I15),"00000000") -> 00000000 | ... AH15: =TEXT(HEX2BIN(Q15),"00000000") -> 00000000 | AL15: 0x07 [7:0] | AM15: SGPIO 1 CRC error count | AN15: 00 | AO15: =MID($I2,1,2) -> 00 | AP15: =IF(BIN2DEC(AO15)>0,"!!!!CRC ERROR!!!","link stable") -> link stable
A16: e0 | B16: =MID($A36,5,2) -> 00 | C16: =MID($A36,8,2) -> 00 | D16: =MID($A36,11,2) -> 00 | E16: =MID($A36,14,2) -> 00 | F16: =MID($A36,17,2) -> 00 | G16: =MID($A36,20,2) -> 00 | H16: =MID($A36,23,2) -> 00 | I16: =MID($A36,26,2) -> 00 | J16: =MID($A36,29,2) -> 00 | K16: =MID($A36,32,2) -> 00 | L16: =MID($A36,35,2) -> 00 | M16: =MID($A36,38,2) -> 00 | N16: =MID($A36,41,2) -> 00 | O16: =MID($A36,44,2) -> 00 | P16: =MID($A36,47,2) -> 00 | Q16: =MID($A36,50,2) -> 00 | S16: =TEXT(HEX2BIN(B16),"00000000") -> 00000000 | T16: =TEXT(HEX2BIN(C16),"00000000") -> 00000000 | U16: =TEXT(HEX2BIN(D16),"00000000") -> 00000000 | V16: =TEXT(HEX2BIN(E16),"00000000") -> 00000000 | W16: =TEXT(HEX2BIN(F16),"00000000") -> 00000000 | X16: =TEXT(HEX2BIN(G16),"00000000") -> 00000000 | Y16: =TEXT(HEX2BIN(H16),"00000000") -> 00000000 | Z16: =TEXT(HEX2BIN(I16),"00000000") -> 00000000 | ... AH16: =TEXT(HEX2BIN(Q16),"00000000") -> 00000000 | AL16: 0x08 [7:0] | AM16: SGPIO 0 CRC good count | AN16: 17 | AO16: =MID($J2,1,2) -> 86 | AR16: (0x0A)Power on | AX16: Common info | BA16: EXP. | BB16: Data.
A17: f0 | B17: =MID($A37,5,2) -> 00 | C17: =MID($A37,8,2) -> 03 | D17: =MID($A37,11,2) -> 06 | E17: =MID($A37,14,2) -> 00 | F17: =MID($A37,17,2) -> 07 | G17: =MID($A37,20,2) -> 18 | H17: =MID($A37,23,2) -> 25 | I17: =MID($A37,26,2) -> 00 | J17: =MID($A37,29,2) -> 00 | K17: =MID($A37,32,2) -> 00 | L17: =MID($A37,35,2) -> 00 | M17: =MID($A37,38,2) -> 00 | N17: =MID($A37,41,2) -> 00 | O17: =MID($A37,44,2) -> 00 | P17: =MID($A37,47,2) -> 00 | Q17: =MID($A37,50,2) -> 00 | S17: =TEXT(HEX2BIN(B17),"00000000") -> 00000000 | T17: =TEXT(HEX2BIN(C17),"00000000") -> 00000011 | U17: =TEXT(HEX2BIN(D17),"00000000") -> 00000110 | V17: =TEXT(HEX2BIN(E17),"00000000") -> 00000000 | W17: =TEXT(HEX2BIN(F17),"00000000") -> 00000111 | X17: =TEXT(HEX2BIN(G17),"00000000") -> 00011000 | Y17: =TEXT(HEX2BIN(H17),"00000000") -> 00100101 | Z17: =TEXT(HEX2BIN(I17),"00000000") -> 00000000 | ... AH17: =TEXT(HEX2BIN(Q17),"00000000") -> 00000000 | AL17: 0x09 [7:0] | AM17: SGPIO 1 CRC good count | AN17: 14 | AO17: =MID($K2,1,2) -> cd | AR17: 0x0 | AS17: All power rails are disabled | AW17: 0x11 [7:0] | AX17: Check SGPIO 0 Data | BA17: =AN26 -> 10111110 | BB17: =AO26 -> 10111110 | BH17: Common info | BK17: EXP. | BL17: Data.
AM18: Power Status | AR18: 0x1 | AS18: P3V3_BMC_STBY is ready | AW18: 0x11 [7] | AX18: P1_MEM_VRHOT_N | BA18: =MID($BA17,1,1) -> 1 | BB18: =MID($BB17,1,1) -> 1 | BG18: 0x21 [7:0] | BH18: Check SGPIO 0 Data | BK18: =AN37 -> 01001100 | BL18: =AO37 -> 01001100
AL19: 0x0A [7:0] | AM19: DC-SCM VR on/off status Register | AN19: 09 | AO19: =MID($L2,1,2) -> 09 | AR19: 0x2 | AS19: All of the above and P2V5_BMC_STBY is enabled. | AW19: 0x11 [5] | AX19: PDB_ALERT2_N | BA19: =MID($BA17,3,1) -> 1 | BB19: =MID($BB17,3,1) -> 1 | BG19: 0x21 [7] | BH19: FM_JTAG_TCK_MUX_SEL | BK19: =MID($BK18,1,1) -> 0 | BL19: =MID($BL18,1,1) -> 0
A20: Paste LOG Here ( i2cdump -y -a -f 15 0x60 ) | AL20: 0x0B [7:0] | AM20: Power Good Status Register | AN20: 11111111 | AO20: =MID($AD2,1,8) -> 11111111 | AR20: 0x3 | AS20: All of the above and P1V8_BMC_STBY is enabled. | AW20: 0x11 [4] | AX20: PDB_ALERT1_N | BA20: =MID($BA17,4,1) -> 1 | BB20: =MID($BB17,4,1) -> 1 | BG20: 0x21 [6] | BH20: FM_UV_ADR_TRIGGER_EN | BK20: =MID($BK18,2,1) -> 1 | BL20: =MID($BL18,2,1) -> 1
A21: 0 1 2 3 4 5 6 7 8 9 a b c d e f 0123456789abcdef | AM21: Board Revision / BMC Scratch Pad | AR21: 0x4 | AS21: All of the above and P1V2_BMC_STBY is enabled. | AW21: 0x11 [3] | AX21: PWRGD_CPU0_LVC3 | BA21: =MID($BA17,5,1) -> 1 | BB21: =MID($BB17,5,1) -> 1 | BG21: 0x21 [5] | BH21: FM_UART2_FPGA_SELECT | BK21: =MID($BK18,3,1) -> 0 | BL21: =MID($BL18,3,1) -> 0
A22: 00: 36 01 01 0f 03 00 00 00 86 cd 09 ff 1b 00 00 00 6????...???.?... | AE22: Common info | AH22: EXP. | AI22: Data. | AL22: 0x0C [5:3] | AM22: SCM Board Revision ID | AN22: 100 | AO22: =MID($AE2,3,3) -> 011 | AP22: =IF(AO22="000", "POC", IF(AO22="001", "EVT", IF(AO22="010", "DVT", IF(AO22="011", "PVT", IF(AO22="100", "MP", "Unknown"))))) -> PVT | AR22: 0x5 | AS22: All of the above and P1V8_LION is enabled. | AW22: 0x11 [2] | AX22: IRQ_PVCCIN_CPU0_VRHOT_LVC3_N | BA22: =MID($BA17,6,1) -> 1 | BB22: =MID($BB17,6,1) -> 1 | BG22: 0x21 [4] | BH22: FM_USB_CPU_FPGA_SELECT | BK22: =MID($BK18,4,1) -> 0 | BL22: =MID($BL18,4,1) -> 0
A23: 10: bf be eb f8 ff ff ff f7 9f 0f 00 00 00 00 00 00 ????...???...... | AD23: 0x0B [7:0] | AE23: Power Good Status | AH23: =AN20 -> 11111111 | AI23: =AO20 -> 11111111 | AL23: 0x0C [2:0] | AM23: HPM Board Revision ID | AN23: 011 | AO23: =MID($AE2,6,3) -> 011 | AP23: =IF(AO23="000", "POC", IF(AO23="001", "EVT", IF(AO23="010", "DVT", IF(AO23="011", "PVT", IF(AO23="100", "MP", "Unknown"))))) -> PVT | AR23: 0x6 | AS23: All of the above and P1V0_BMC_STBY is enabled. | AW23: 0x11 [1] | AX23: FM_CPU0_THERMTRIP_LATCH_LVT3_N | BA23: =MID($BA17,7,1) -> 1 | BB23: =MID($BB17,7,1) -> 1 | BG23: 0x21 [3] | BH23: PSU2_ALERT_EN_N | BK23: =MID($BK18,5,1) -> 1 | BL23: =MID($BL18,5,1) -> 1
A24: 20: 63 4c de ce 7f 0d 00 00 fe 1f 00 00 00 00 00 00 cL????..??...... | AD24: 0x0B [7] | AE24: HPM_STBY_RDY | AH24: =MID($AH23,1,1) -> 1 | AI24: =MID($AI23,1,1) -> 1 | AM24: SGPIO#0 Input Data | AR24: 0x7 | AS24: All of the above and P1V07_BMC_STBY is enabled. | AW24: 0x11 [0] | AX24: P0_SKTOCC_N | BA24: =MID($BA17,8,1) -> 0 | BB24: =MID($BB17,8,1) -> 0 | BG24: 0x21 [2] | BH24: PSU_ALERT_PLD_EN_N | BK24: =MID($BK18,6,1) -> 1 | BL24: =MID($BL18,6,1) -> 1
A25: 30: 00 00 f9 0b 00 00 00 00 00 00 00 00 00 00 00 00 ..??............ | AD25: 0x0B [6] | AE25: P1V07_BMC_STBY | AH25: =MID($AH23,2,1) -> 1 | AI25: =MID($AI23,2,1) -> 1 | AL25: 0x10 [7:0] | AM25: Check SGPIO 0 Data | AN25: 10111111 | AO25: =MID($S3,1,8) -> 10111111 | AR25: 0x9 | AS25: Power ON (All of the above and HPM_STBY_RDY is ready). | BG25: 0x21 [1] | BH25: PDB_ALERT1_EN_N | BK25: =MID($BK18,7,1) -> 0 | BL25: =MID($BL18,7,1) -> 0
A26: 40: 10 00 00 00 00 00 00 00 00 00 00 00 00 00 00 00 ?............... | AD26: 0x0B [5] | AE26: P1V0_BMC_STBY | AH26: =MID($AH23,3,1) -> 1 | AI26: =MID($AI23,3,1) -> 1 | AL26: 0x11 [7:0] | AM26: Check SGPIO 0 Data | AN26: 10111110 | AO26: =MID($T3,1,8) -> 10111110 | BG26: 0x21 [0] | BH26: FM_TPM_MOD_PRES_N | BK26: =MID($BK18,8,1) -> 0 | BL26: =MID($BL18,8,1) -> 0
A27: 50: 00 00 00 00 00 00 00 00 00 00 00 00 00 00 00 00 ................ | AD27: 0x0B [4] | AE27: P0V8_LION_CORE | AH27: =MID($AH23,4,1) -> 1 | AI27: =MID($AI23,4,1) -> 1 | AL27: 0x12 [7:0] | AM27: Check SGPIO 0 Data | AN27: 11101011 | AO27: =MID($U3,1,8) -> 11101011 | AR27: (0x0A) Power off
A28: 60: 00 00 00 00 00 00 00 00 00 00 00 00 00 00 00 00 ................ | AD28: 0x0B [3] | AE28: P1V2_BMC_STBY | AH28: =MID($AH23,5,1) -> 1 | AI28: =MID($AI23,5,1) -> 1 | AL28: 0x13 [7:0] | AM28: Check SGPIO 0 Data | AN28: 11111000 | AO28: =MID($V3,1,8) -> 11111000 | AR28: 0xA | AS28: P1V07_BMC_STBY_OFF
A29: 70: 00 00 00 00 00 00 00 00 00 00 00 00 00 00 00 00 ................ | AD29: 0x0B [2] | AE29: P1V8_BMC_STBY | AH29: =MID($AH23,6,1) -> 1 | AI29: =MID($AI23,6,1) -> 1 | AL29: 0x14 [7:0] | AM29: Check SGPIO 0 Data | AN29: 11111111 | AO29: =MID($W3,1,8) -> 11111111 | AR29: 0xB | AS29: P1V0_BMC_STBY_OFF | AX29: Common info | BA29: EXP. | BB29: Data.
A30: 80: 00 00 00 00 00 00 00 00 00 00 00 00 00 00 00 00 ................ | AD30: 0x0B [1] | AE30: P2V5_BMC_STBY | AH30: =MID($AH23,7,1) -> 1 | AI30: =MID($AI23,7,1) -> 1 | AL30: 0x15 [7:0] | AM30: Check SGPIO 0 Data | AN30: 11111111 | AO30: =MID($X3,1,8) -> 11111111 | AR30: 0xC | AS30: P1V8_LION_OFF | AW30: 0x12 [7:0] | AX30: Check SGPIO 0 Data | BA30: =AN27 -> 11101011 | BB30: =AO27 -> 11101011
A31: 90: 00 00 00 00 00 00 00 00 00 00 00 00 00 00 00 00 ................ | AD31: 0x0B [0] | AE31: P3V3_STBY_SCM | AH31: =MID($AH23,8,1) -> 1 | AI31: =MID($AI23,8,1) -> 1 | AL31: 0x16 [7:0] | AM31: Check SGPIO 0 Data | AN31: 11111111 | AO31: =MID($Y3,1,8) -> 11111111 | AR31: 0xD | AS31: P1V2_BMC_STBY_OFF | AW31: 0x12 [7] | AX31: PWRGD_CPU1_LVC3 | BA31: =MID($BA30,1,1) -> 1 | BB31: =MID($BB30,1,1) -> 1 | BH31: Common info | BK31: EXP. | BL31: Data.
A32: a0: 00 00 00 00 00 00 00 00 00 00 00 00 00 00 00 00 ................ | AL32: 0x17 [7:0] | AM32: Check SGPIO 0 Data | AN32: 10110111 | AO32: =MID($Z3,1,8) -> 11110111 | AR32: 0xE | AS32: P2V5_BMC_STBY_OFF | AW32: 0x12 [6] | AX32: IRQ_PVCCIN_CPU1_VRHOT_LVC3_N | BA32: =MID($BA30,2,1) -> 1 | BB32: =MID($BB30,2,1) -> 1 | BG32: 0x22 [7:0] | BH32: Check SGPIO 0 Data | BK32: =AN38 -> 11011110 | BL32: =AO38 -> 11011110
A33: b0: 00 00 00 00 00 00 00 00 00 00 00 00 00 00 00 00 ................ | AL33: 0x18 [7:0] | AM33: Check SGPIO 0 Data | AN33: 10011111 | AO33: =MID($AA3,1,8) -> 10011111 | AR33: 0xF | AS33: P1V8_BMC_STBY_OFF | AW33: 0x12 [5] | AX33: FM_CPU1_THERMTRIP_LATCH_LVT3_N | BA33: =MID($BA30,3,1) -> 1 | BB33: =MID($BB30,3,1) -> 1 | BG33: 0x22 [7] | BH33: SMB_SLIVER_RST_BMC_N | BK33: =MID($BK32,1,1) -> 1 | BL33: =MID($BL32,1,1) -> 1
A34: c0: 00 00 00 00 00 00 00 00 00 00 00 00 00 00 00 00 ................ | AL34: 0x19 [3:0] | AM34: Check SGPIO 0 Data | AN34: 1111 | AO34: =MID($AB3,5,8) -> 1111 | AR34: 0x10 | AS34: POWER_FAULT (Any power rail abruptly drops after power on) | AW34: 0x12 [4] | AX34: P1_SKTOCC_N | BA34: =MID($BA30,4,1) -> 0 | BB34: =MID($BB30,4,1) -> 0 | BG34: 0x22 [6] | BH34: USB_EX1_CPLD_OC_N | BK34: =MID($BK32,2,1) -> 1 | BL34: =MID($BL32,2,1) -> 1
A35: d0: 00 00 00 00 00 00 00 00 00 00 00 00 00 00 00 00 ................ | AM35: SGPIO#0 OutputData | AW35: 0x12 [3] | AX35: P1_PROCHOT_N | BA35: =MID($BA30,5,1) -> 1 | BB35: =MID($BB30,5,1) -> 1 | BG35: 0x22 [5] | BH35: FM_BIOS_RECOVERY | BK35: =MID($BK32,3,1) -> 0 | BL35: =MID($BL32,3,1) -> 0
A36: e0: 00 00 00 00 00 00 00 00 00 00 00 00 00 00 00 00 ................ | AL36: 0x20 [7:0] | AM36: Check SGPIO 0 Data | AN36: 01100100 | AO36: =MID($S4,1,8) -> 01100011 | AW36: 0x12 [1] | AX36: P1_BMC_MEMTRIP_N | BA36: =MID($BA30,7,1) -> 1 | BB36: =MID($BB30,7,1) -> 1 | BG36: 0x22 [4] | BH36: IRQ_BMC_CPU_NMI_R | BK36: =MID($BK32,4,1) -> 1 | BL36: =MID($BL32,4,1) -> 1
A37: f0: 00 03 06 00 07 18 25 00 00 00 00 00 00 00 00 00 .??.??%......... | AL37: 0x21 [7:0] | AM37: Check SGPIO 0 Data | AN37: 01001100 | AO37: =MID($T4,1,8) -> 01001100 | AW37: 0x12 [0] | AX37: H_CPU1_MEMHOT_OUT_LVC1_N | BA37: =MID($BA30,8,1) -> 1 | BB37: =MID($BB30,8,1) -> 1 | BG37: 0x22 [3] | BH37: FM_ADR_ACK | BK37: =MID($BK32,5,1) -> 1 | BL37: =MID($BL32,5,1) -> 1
AL38: 0x22 [7:0] | AM38: Check SGPIO 0 Data | AN38: 11011110 | AO38: =MID($U4,1,8) -> 11011110 | BG38: 0x22 [2] | BH38: FM_ME_RECOVERY_N | BK38: =MID($BK32,6,1) -> 1 | BL38: =MID($BL32,6,1) -> 1
AL39: 0x23 [7:0] | AM39: Check SGPIO 0 Data | AN39: 11001110 | AO39: =MID($V4,1,8) -> 11001110 | AR39: Board Revision | BG39: 0x22 [1] | BH39: BMC_RSTBTN_OUT_N | BK39: =MID($BK32,7,1) -> 1 | BL39: =MID($BL32,7,1) -> 1
AL40: 0x24 [7:0] | AM40: Check SGPIO 0 Data | AN40: 01101111 | AO40: =MID($W4,1,8) -> 01111111 | AR40: 3'b000 | AS40: POC | BG40: 0x22 [0] | BH40: FM_SPD_SWITCH_CTRL_N | BK40: =MID($BK32,8,1) -> 0 | BL40: =MID($BL32,8,1) -> 0
AL41: 0x25 [7:0] | AM41: Check SGPIO 0 Data | AN41: 1101 | AO41: =MID($X4,5,8) -> 1101 | AR41: 3'b001 | AS41: EVT
AM42: SGPIO#1 Input Data | AR42: 3'b010 | AS42: DVT | AX42: Common info | BA42: EXP. | BB42: Data.
AL43: 0x28 [7:0] | AM43: Check SGPIO 1 Data | AN43: 11111110 | AO43: =MID($AA4,1,8) -> 11111110 | AR43: 3'b011 | AS43: PVT | AW43: 0x13 [7:0] | AX43: Check SGPIO 0 Data | BA43: =AN28 -> 11111000 | BB43: =AO28 -> 11111000
AL44: 0x29 [7:0] | AM44: Check SGPIO 1 Data | AN44: 00011111 | AO44: =MID($AB4,1,8) -> 00011111 | AR44: 3'b100 | AS44: MP | AW44: 0x13 [7] | AX44: BMC_NODE_ID_4 | BA44: =MID($BA43,1,1) -> 1 | BB44: =MID($BB43,1,1) -> 1
AM45: SGPIO#1 Output Data | AW45: 0x13 [6] | AX45: BMC_NODE_ID_3 | BA45: =MID($BA43,2,1) -> 1 | BB45: =MID($BB43,2,1) -> 1 | BH45: Common info | BK45: EXP. | BL45: Data.
AL46: 0x32 [7:0] | AM46: Check SGPIO 1 Data | AN46: 11111001 | AO46: =MID($U5,1,8) -> 11111001 | AW46: 0x13 [5] | AX46: BMC_NODE_ID_2 | BA46: =MID($BA43,3,1) -> 1 | BB46: =MID($BB43,3,1) -> 1 | BG46: 0x23 [7:0] | BH46: Check SGPIO 0 Data | BK46: =AN39 -> 11001110 | BL46: =AO39 -> 11001110
AL47: 0x33 [3:0] | AM47: Check SGPIO 1 Data | AN47: 1011 | AO47: =MID($V5,5,8) -> 1011 | AW47: 0x13 [4] | AX47: BMC_NODE_ID_1 | BA47: =MID($BA43,4,1) -> 1 | BB47: =MID($BB43,4,1) -> 1 | BG47: 0x23 [7] | BH47: BMC_RSMRST_OUT | BK47: =MID($BK46,1,1) -> 1 | BL47: =MID($BL46,1,1) -> 1
AM48: Register for MSFT Secure IP | AW48: 0x13 [3] | AX48: BMC_NODE_ID_0 | BA48: =MID($BA43,5,1) -> 1 | BB48: =MID($BB43,5,1) -> 1 | BG48: 0x23 [6] | BH48: MB_JTAG_TRST_N | BK48: =MID($BK46,2,1) -> 1 | BL48: =MID($BL46,2,1) -> 1
AL49: 0x40 [7:4] | AM49: Status Register for MSFT Secure IP | AN49: 1 | AO49: =MID($B6,1,1) -> 1 | AR49: MSFT Secue IP: | AW49: 0x13 [2] | AX49: FM_BIOS_POST_CMPLT_N | BA49: =MID($BA43,6,1) -> 0 | BB49: =MID($BB43,6,1) -> 0 | BG49: 0x23 [5] | BH49: BFM_BMC_READY_N | BK49: =MID($BK46,3,1) -> 0 | BL49: =MID($BL46,3,1) -> 0
AL50: 0x40 [1:0] | AM50: Lock/UnLock Enable Register for MSFT Secure IP | AN50: 00 | AO50: =RIGHT($S6,2) -> 00 | AR50: 0x1 | AS50: Lock Process | BG50: 0x23 [4] | BH50: LPC_ENABLE_ESPI_N | BK50: =MID($BK46,4,1) -> 0 | BL50: =MID($BL46,4,1) -> 0
AL51: 0x41 [7:0] | AM51: Detailed state of MSFT Secure IP | AN51: 00 | AO51: =MID($C6,1,8) -> 00 | AR51: 0x2 | AS51: Unlock Process | BG51: 0x23 [3] | BH51: PWRBRK_SLI_OE_N | BK51: =MID($BK46,5,1) -> 1 | BL51: =MID($BL46,5,1) -> 1
AM52: CPLD ID/Firmware version/Release Date | AR52: 0x3 | AS52: Fault Status | BG52: 0x23 [2] | BH52: BMC_PCH_FNM | BK52: =MID($BK46,6,1) -> 1 | BL52: =MID($BL46,6,1) -> 1
AL53: 0xF1 [7:0] | AM53: CPLD_MAJOR_VERSION | AN53: 03 | AO53: =MID($C17,1,8) -> 03 | BG53: 0x23 [1] | BH53: PBREAK_EN_N | BK53: =MID($BK46,7,1) -> 1 | BL53: =MID($BL46,7,1) -> 1
AL54: 0xF2 [7:0] | AM54: CPLD_MINOR_VERSION | AN54: 04 | AO54: =MID($D17,1,8) -> 06 | AX54: Common info | BA54: EXP. | BB54: Data. | BG54: 0x23 [0] | BH54: RM_THROTTLE_EN_N | BK54: =MID($BK46,8,1) -> 0 | BL54: =MID($BL46,8,1) -> 0
AL55: 0xF3 [7:0] | AM55: CPLD_SUB_VERSION | AN55: 00 | AO55: =MID($E17,1,8) -> 00 | AR55: 0x40 [1] | AS55: BMC allows CPLD to add internal lock | AW55: 0x14 [7:0] | AX55: Check SGPIO 0 Data | BA55: =AN29 -> 11111111 | BB55: =AO29 -> 11111111
AL56: 0XF4 [7:0] | AM56: RELEASE_MONTH | AN56: 05 | AO56: =MID($F17,1,8) -> 07 | AR56: 0x40 [0] | AS56: BMC allows CPLD to run internal unlock | AW56: 0x14 [7] | AX56: FM_DBP_PRESENT_N | BA56: =MID($BA55,1,1) -> 1 | BB56: =MID($BB55,1,1) -> 1
AL57: 0XF5 [7:0] | AM57: RELEASE_DAY | AN57: 16 | AO57: =MID($G17,1,8) -> 18 | AW57: 0x14 [6] | AX57: VOLTAGE_ALERT_N | BA57: =MID($BA55,2,1) -> 1 | BB57: =MID($BB55,2,1) -> 1
AL58: 0XF6 [7:0] | AM58: RELEASE_YEAR | AN58: 25 | AO58: =MID($H17,1,8) -> 25 | AW58: 0x14 [5] | AX58: PSU2_PS_ON_N | BA58: =MID($BA55,3,1) -> 1 | BB58: =MID($BB55,3,1) -> 1
AW59: 0x14 [4] | AX59: CURRENT_ALERT_N | BA59: =MID($BA55,4,1) -> 1 | BB59: =MID($BB55,4,1) -> 1 | BH59: Common info | BK59: EXP. | BL59: Data.
AW60: 0x14 [3] | AX60: HSC_GPIO2_BMC_N | BA60: =MID($BA55,5,1) -> 1 | BB60: =MID($BB55,5,1) -> 1 | BG60: 0x24 [7:0] | BH60: Check SGPIO 0 Data | BK60: =AN40 -> 01101111 | BL60: =AO40 -> 01111111
AW61: 0x14 [2] | AX61: HSC_GPIO2_BMC_N | BA61: =MID($BA55,6,1) -> 1 | BB61: =MID($BB55,6,1) -> 1 | BG61: 0x24 [7] | BH61: FM_BMC_ONCTL_N | BK61: =MID($BK60,1,1) -> 0 | BL61: =MID($BL60,1,1) -> 0
AW62: 0x14 [1] | AX62: FM_SLPS4_S5_N | BA62: =MID($BA55,7,1) -> 1 | BB62: =MID($BB55,7,1) -> 1 | BG62: 0x24 [6] | BH62: FM_BMC_CRASHLOG_TRIG_N | BK62: =MID($BK60,2,1) -> 1 | BL62: =MID($BL60,2,1) -> 1
AW63: 0x14 [0] | AX63: BMC_NODE_ID_5 | BA63: =MID($BA55,8,1) -> 1 | BB63: =MID($BB55,8,1) -> 1 | BG63: 0x24 [5] | BH63: FM_BIOS_MRC_DEBUG_MSG_DIS_N | BK63: =MID($BK60,3,1) -> 1 | BL63: =MID($BL60,3,1) -> 1
BG64: 0x24 [4] | BH64: ARM_SRST_N | BK64: =MID($BK60,4,1) -> 0 | BL64: =MID($BL60,4,1) -> 1
BG65: 0x24 [3] | BH65: CPU_FBRK_OUT_N | BK65: =MID($BK60,5,1) -> 1 | BL65: =MID($BL60,5,1) -> 1
BG66: 0x24 [2] | BH66: P1_DISABLE_COD_R_N | BK66: =MID($BK60,6,1) -> 1 | BL66: =MID($BL60,6,1) -> 1
BG67: 0x24 [1] | BH67: IRQ_TPM_SPI_N | BK67: =MID($BK60,7,1) -> 1 | BL67: =MID($BL60,7,1) -> 1
AX68: Common info | BA68: EXP. | BB68: Data. | BG68: 0x24 [0] | BH68: RST_PE_E1S_I2C_MUX_N | BK68: =MID($BK60,8,1) -> 1 | BL68: =MID($BL60,8,1) -> 1
AW69: 0x15 [7:0] | AX69: Check SGPIO 0 Data | BA69: =AN30 -> 11111111 | BB69: =AO30 -> 11111111
AW70: 0x15 [7] | AX70: SMB_BMC_ALERT3_N | BA70: =MID($BA69,1,1) -> 1 | BB70: =MID($BB69,1,1) -> 1
AW71: 0x15 [6] | AX71: SMB_BMC_ALERT2_N | BA71: =MID($BA69,2,1) -> 1 | BB71: =MID($BB69,2,1) -> 1
AW72: 0x15 [5] | AX72: SMB_BMC_ALERT1_N | BA72: =MID($BA69,3,1) -> 1 | BB72: =MID($BB69,3,1) -> 1
AW73: 0x15 [4] | AX73: PSU2_ALERT_N | BA73: =MID($BA69,4,1) -> 1 | BB73: =MID($BB69,4,1) -> 1 | BH73: Common info | BK73: EXP. | BL73: Data.
AW74: 0x15 [3] | AX74: PSU1_ALERT_N | BA74: =MID($BA69,5,1) -> 1 | BB74: =MID($BB69,5,1) -> 1 | BG74: 0x25 [7:0] | BH74: Check SGPIO 0 Data | BK74: =AN41 -> 1101 | BL74: =AO41 -> 1101
AW75: 0x15 [2] | AX75: FM_SLPS3_R_N | BA75: =MID($BA69,6,1) -> 1 | BB75: =MID($BB69,6,1) -> 1 | BG75: 0x25 [3] | BH75: FM_BMC_ENABLE | BK75: =MID($BK74,1,1) -> 1 | BL75: =MID($BL74,1,1) -> 1
AW76: 0x15 [1] | AX76: PSU1_BLADE_EN_N | BA76: =MID($BA69,7,1) -> 1 | BB76: =MID($BB69,7,1) -> 1 | BG76: 0x25 [2] | BH76: TPM_BMC_ALERT_N | BK76: =MID($BK74,2,1) -> 1 | BL76: =MID($BL74,2,1) -> 1
AW77: 0x15 [0] | AX77: FM_PCH_BMC_THERMTRIP_N | BA77: =MID($BA69,8,1) -> 1 | BB77: =MID($BB69,8,1) -> 1 | BG77: 0x25 [1] | BH77: FM_UEFI_DEBUG_MSG_EN | BK77: =MID($BK74,3,1) -> 0 | BL77: =MID($BL74,3,1) -> 0
BG78: 0x25 [0] | BH78: BMC_NVDIMM_PRSNT_N | BK78: =MID($BK74,4,1) -> 1 | BL78: =MID($BL74,4,1) -> 1
AX82: Common info | BA82: EXP. | BB82: Data.
AW83: 0x16 [7:0] | AX83: Check SGPIO 0 Data | BA83: =AN31 -> 11111111 | BB83: =AO31 -> 11111111 | BH83: Common info | BK83: EXP. | BL83: Data.
AW84: 0x16 [7] | AX84: SMB_BMC_ALERT11_N | BA84: =MID($BA83,1,1) -> 1 | BB84: =MID($BB83,1,1) -> 1 | BG84: 0x28 [7:0] | BH84: Check SGPIO 0 Data | BK84: =AN43 -> 11111110 | BL84: =AO43 -> 11111110
AW85: 0x16 [6] | AX85: SMB_BMC_ALERT10_N | BA85: =MID($BA83,2,1) -> 1 | BB85: =MID($BB83,2,1) -> 1 | BG85: 0x28 [7] | BH85: CPU_RMCA_N | BK85: =MID($BK84,1,1) -> 1 | BL85: =MID($BL84,1,1) -> 1
AW86: 0x16 [5] | AX86: SMB_BMC_ALERT9_N | BA86: =MID($BA83,3,1) -> 1 | BB86: =MID($BB83,3,1) -> 1 | BG86: 0x28 [6] | BH86: CPU_UNRMCA_N | BK86: =MID($BK84,2,1) -> 1 | BL86: =MID($BL84,2,1) -> 1
AW87: 0x16 [4] | AX87: SMB_BMC_ALERT8_N | BA87: =MID($BA83,4,1) -> 1 | BB87: =MID($BB83,4,1) -> 1 | BG87: 0x28 [5] | BH87: PORT1_RST_AUTH_N | BK87: =MID($BK84,3,1) -> 1 | BL87: =MID($BL84,3,1) -> 1
AW88: 0x16 [3] | AX88: SMB_BMC_ALERT7_N | BA88: =MID($BA83,5,1) -> 1 | BB88: =MID($BB83,5,1) -> 1 | BG88: 0x28 [4] | BH88: FM_CPU_MSMI_CATERR_LVT3_N | BK88: =MID($BK84,4,1) -> 1 | BL88: =MID($BL84,4,1) -> 1
AW89: 0x16 [2] | AX89: SMB_BMC_ALERT6_N | BA89: =MID($BA83,6,1) -> 1 | BB89: =MID($BB83,6,1) -> 1 | BG89: 0x28 [3] | BH89: PSU_ALERT_N | BK89: =MID($BK84,5,1) -> 1 | BL89: =MID($BL84,5,1) -> 1
AW90: 0x16 [1] | AX90: SMB_BMC_ALERT5_N | BA90: =MID($BA83,7,1) -> 1 | BB90: =MID($BB83,7,1) -> 1 | BG90: 0x28 [2] | BH90: RM_THROTTLE_N | BK90: =MID($BK84,6,1) -> 1 | BL90: =MID($BL84,6,1) -> 1
AW91: 0x16 [0] | AX91: SMB_BMC_ALERT4_N | BA91: =MID($BA83,8,1) -> 1 | BB91: =MID($BB83,8,1) -> 1 | BG91: 0x28 [1] | BH91: FM_PCH_THROTTLE_R_N | BK91: =MID($BK84,7,1) -> 1 | BL91: =MID($BL84,7,1) -> 1
BG92: 0x28 [0] | BH92: FM_ADR_COMPLETE_BMC | BK92: =MID($BK84,8,1) -> 0 | BL92: =MID($BL84,8,1) -> 0
AX96: Common info | BA96: EXP. | BB96: Data.
AW97: 0x17 [7:0] | AX97: Check SGPIO 0 Data | BA97: =AN32 -> 10110111 | BB97: =AO32 -> 11110111 | BH97: Common info | BK97: EXP. | BL97: Data.
AW98: 0x17 [7] | AX98: PLD_PORST_N | BA98: =MID($BA97,1,1) -> 1 | BB98: =MID($BB97,1,1) -> 1 | BG98: 0x29 [7:0] | BH98: Check SGPIO 0 Data | BK98: =AN44 -> 00011111 | BL98: =AO44 -> 00011111
AW99: 0x17 [6] | AX99: JTAG_BMC_PLD_NRST_N | BA99: =MID($BA97,2,1) -> 0 | BB99: =MID($BB97,2,1) -> 1 | BG99: 0x29 [7] | BH99: UART_BMC_BU6_RX | BK99: =MID($BK98,1,1) -> 0 | BL99: =MID($BL98,1,1) -> 0
AW100: 0x17 [5] | AX100: RST_RSMRST_PLD_N | BA100: =MID($BA97,3,1) -> 1 | BB100: =MID($BB97,3,1) -> 1 | BG100: 0x29 [6] | BH100: UART_BMC_SI2_RX | BK100: =MID($BK98,2,1) -> 0 | BL100: =MID($BL98,2,1) -> 0
AW101: 0x17 [4] | AX101: PWRGD_PCH_BMC_PWROK | BA101: =MID($BA97,4,1) -> 1 | BB101: =MID($BB97,4,1) -> 1 | BG101: 0x29 [5] | BH101: UART_BMC_BU1_RX | BK101: =MID($BK98,3,1) -> 0 | BL101: =MID($BL98,3,1) -> 0
AW102: 0x17 [3] | AX102: HPM_BRD_REV_ID2 | BA102: =MID($BA97,5,1) -> 0 | BB102: =MID($BB97,5,1) -> 0 | BG102: 0x29 [4] | BH102: CPU1_MON_FAIL_N | BK102: =MID($BK98,4,1) -> 1 | BL102: =MID($BL98,4,1) -> 1
AW103: 0x17 [2] | AX103: HPM_BRD_REV_ID1 | BA103: =MID($BA97,6,1) -> 1 | BB103: =MID($BB97,6,1) -> 1 | BG103: 0x29 [3] | BH103: CPU0_MON_FAIL_N | BK103: =MID($BK98,5,1) -> 1 | BL103: =MID($BL98,5,1) -> 1
AW104: 0x17 [1] | AX104: HPM_BRD_REV_ID0 | BA104: =MID($BA97,7,1) -> 1 | BB104: =MID($BB97,7,1) -> 1 | BG104: 0x29 [2] | BH104: FM_ADR_TRIGGER_N | BK104: =MID($BK98,6,1) -> 1 | BL104: =MID($BL98,6,1) -> 1
AW105: 0x17 [0] | AX105: SMB_BMC_ALERT12_N | BA105: =MID($BA97,8,1) -> 1 | BB105: =MID($BB97,8,1) -> 1 | BG105: 0x29 [1] | BH105: GLB_RST_WARN_N | BK105: =MID($BK98,7,1) -> 1 | BL105: =MID($BL98,7,1) -> 1
BG106: 0x29 [0] | BH106: FM_THROTTLE_IN_N | BK106: =MID($BK98,8,1) -> 1 | BL106: =MID($BL98,8,1) -> 1
...

Sheet CPLD1 reg
A1: LOG | B1: 0 | C1: 1 | D1: 2 | E1: 3 | F1: 4 | G1: 5 | H1: 6 | I1: 7 | J1: 8 | K1: 9 | L1: A | M1: B | N1: C | O1: D | P1: E | Q1: F | S1: 0 | T1: 1 | U1: 2 | V1: 3 | W1: 4 | X1: 5 | Y1: 6 | Z1: 7 | AA1: 8 | AB1: 9 | AC1: A | AD1: B | AE1: C | AF1: D | AG1: E | AH1: F
A2: 0 | B2: =MID($A22,5,2) -> 00 | C2: =MID($A22,8,2) -> 00 | D2: =MID($A22,11,2) -> c3 | E2: =MID($A22,14,2) -> 0c | F2: =MID($A22,17,2) -> 03 | G2: =MID($A22,20,2) -> 80 | H2: =MID($A22,23,2) -> 00 | I2: =MID($A22,26,2) -> 03 | J2: =MID($A22,29,2) -> 00 | K2: =MID($A22,32,2) -> ff | L2: =MID($A22,35,2) -> fe | M2: =MID($A22,38,2) -> 00 | N2: =MID($A22,41,2) -> 00 | O2: =MID($A22,44,2) -> fc | P2: =MID($A22,47,2) -> 00 | Q2: =MID($A22,50,2) -> 00 | S2: =TEXT(HEX2BIN(B2),"00000000") -> 00000000 | T2: =TEXT(HEX2BIN(C2),"00000000") -> 00000000 | U2: =TEXT(HEX2BIN(D2),"00000000") -> 11000011 | V2: =TEXT(HEX2BIN(E2),"00000000") -> 00001100 | W2: =TEXT(HEX2BIN(F2),"00000000") -> 00000011 | X2: =TEXT(HEX2BIN(G2),"00000000") -> 10000000 | Y2: =TEXT(HEX2BIN(H2),"00000000") -> 00000000 | Z2: =TEXT(HEX2BIN(I2),"00000000") -> 00000011 | ... AH2: =TEXT(HEX2BIN(Q2),"00000000") -> 00000000
A3: 10 | B3: =MID($A23,5,2) -> ff | C3: =MID($A23,8,2) -> c0 | D3: =MID($A23,11,2) -> fe | E3: =MID($A23,14,2) -> c0 | F3: =MID($A23,17,2) -> ff | G3: =MID($A23,20,2) -> ff | H3: =MID($A23,23,2) -> 00 | I3: =MID($A23,26,2) -> 00 | J3: =MID($A23,29,2) -> 00 | K3: =MID($A23,32,2) -> 00 | L3: =MID($A23,35,2) -> 00 | M3: =MID($A23,38,2) -> 60 | N3: =MID($A23,41,2) -> 60 | O3: =MID($A23,44,2) -> a0 | P3: =MID($A23,47,2) -> a0 | Q3: =MID($A23,50,2) -> f0 | S3: =TEXT(HEX2BIN(B3),"00000000") -> 11111111 | T3: =TEXT(HEX2BIN(C3),"00000000") -> 11000000 | U3: =TEXT(HEX2BIN(D3),"00000000") -> 11111110 | V3: =TEXT(HEX2BIN(E3),"00000000") -> 11000000 | W3: =TEXT(HEX2BIN(F3),"00000000") -> 11111111 | X3: =TEXT(HEX2BIN(G3),"00000000") -> 11111111 | Y3: =TEXT(HEX2BIN(H3),"00000000") -> 00000000 | Z3: =TEXT(HEX2BIN(I3),"00000000") -> 00000000 | ... AH3: =TEXT(HEX2BIN(Q3),"00000000") -> 11110000 | AM3: Common info | AN3: EXP. | AO3: Data. | AP3: analyze | AV3: Common info | BB3: Common info | BG3: 0x3E[7:0] | BH3: CABLE ID | BK3: Common info | BL3: EXP. | BM3: Data. | BN3: Analyze | BR3: Common info | BS3: EXP. | BT3: Data. | BU3: Analyze | BX3: Common info | BY3: EXP. | BZ3: Data. | CA3: Analyze
A4: 20 | B4: =MID($A24,5,2) -> f0 | C4: =MID($A24,8,2) -> f0 | D4: =MID($A24,11,2) -> f0 | E4: =MID($A24,14,2) -> 00 | F4: =MID($A24,17,2) -> 00 | G4: =MID($A24,20,2) -> e0 | H4: =MID($A24,23,2) -> 00 | I4: =MID($A24,26,2) -> 00 | J4: =MID($A24,29,2) -> 00 | K4: =MID($A24,32,2) -> 00 | L4: =MID($A24,35,2) -> 00 | M4: =MID($A24,38,2) -> 00 | N4: =MID($A24,41,2) -> 00 | O4: =MID($A24,44,2) -> 03 | P4: =MID($A24,47,2) -> 0f | Q4: =MID($A24,50,2) -> 00 | S4: =TEXT(HEX2BIN(B4),"00000000") -> 11110000 | T4: =TEXT(HEX2BIN(C4),"00000000") -> 11110000 | U4: =TEXT(HEX2BIN(D4),"00000000") -> 11110000 | V4: =TEXT(HEX2BIN(E4),"00000000") -> 00000000 | W4: =TEXT(HEX2BIN(F4),"00000000") -> 00000000 | X4: =TEXT(HEX2BIN(G4),"00000000") -> 11100000 | Y4: =TEXT(HEX2BIN(H4),"00000000") -> 00000000 | Z4: =TEXT(HEX2BIN(I4),"00000000") -> 00000000 | ... AH4: =TEXT(HEX2BIN(Q4),"00000000") -> 00000000 | AM4: CPU/Board ID | AV4: DDR-Related (0x1B-0x24) | AW4: EXP. | AX4: Data. | AY4: Analyze | BB4: UPI Cable ID Status (0x30-0x3F) | BC4: EXP. | BD4: Data. | BE4: Analyze | BG4: 0x34 | BH4: 2S | BK4: I/F Switch | BR4: VR Fault Registers (0x90-0x96) | BX4: Internal State (0xA0-0xA7) | CC4: 0xA0[3:0] | CD4: System Power on status
A5: 30 | B5: =MID($A25,5,2) -> 00 | C5: =MID($A25,8,2) -> 00 | D5: =MID($A25,11,2) -> 00 | E5: =MID($A25,14,2) -> 00 | F5: =MID($A25,17,2) -> 00 | G5: =MID($A25,20,2) -> 00 | H5: =MID($A25,23,2) -> 00 | I5: =MID($A25,26,2) -> 00 | J5: =MID($A25,29,2) -> 00 | K5: =MID($A25,32,2) -> 00 | L5: =MID($A25,35,2) -> 00 | M5: =MID($A25,38,2) -> 00 | N5: =MID($A25,41,2) -> 00 | O5: =MID($A25,44,2) -> 00 | P5: =MID($A25,47,2) -> 00 | Q5: =MID($A25,50,2) -> 00 | S5: =TEXT(HEX2BIN(B5),"00000000") -> 00000000 | T5: =TEXT(HEX2BIN(C5),"00000000") -> 00000000 | U5: =TEXT(HEX2BIN(D5),"00000000") -> 00000000 | V5: =TEXT(HEX2BIN(E5),"00000000") -> 00000000 | W5: =TEXT(HEX2BIN(F5),"00000000") -> 00000000 | X5: =TEXT(HEX2BIN(G5),"00000000") -> 00000000 | Y5: =TEXT(HEX2BIN(H5),"00000000") -> 00000000 | Z5: =TEXT(HEX2BIN(I5),"00000000") -> 00000000 | ... AH5: =TEXT(HEX2BIN(Q5),"00000000") -> 00000000 | AL5: 0x00[7:0] | AM5: CPU0 (From CLD2 via SGPIO) | AN5: =TEXT(0,"00000000") -> 00000000 | AO5: =TEXT(S2,"00000000") -> 00000000 | AP5: =IF(AO5=AN5,"Pass","Check the (CPU/SGPIO)") -> Pass | AR5: 0x02[7:5] | AS5: HPM REVISION ID | AU5: 0x1B[7:0] | AV5: DDR RESET from CPU0 | AW5: =TEXT(11110000,"00000000") -> 11110000 | AX5: =TEXT(AD3,"00000000") -> 01100000 | AY5: Check DDR presence status. | BA5: 0x30[7:0] | BB5: CPU0/1 SMB ALERT | BC5: =TEXT(0,"00000000") -> 00000000 | BD5: =TEXT(S5,"00000000") -> 00000000 | BG5: 0xF6 | BH5: 4S | BJ5: 0x78[7:0] | BL5: =TEXT(0,"11110000") -> 11110000 | BM5: =AA9 -> 11110000 | BQ5: 0x90[7:0] | BR5: Debug purpose to check HPM power rail failure | BS5: =TEXT(0,"00000000") -> 00000000 | BT5: =S11 -> 00000000 | BW5: 0xA0[7:0] | BY5: =TEXT(1001111,"00000000") -> 01001111 | BZ5: =S12 -> 01001111 | CC5: =TEXT(0,"0000") -> 0000 | CD5: Default
A6: 40 | B6: =MID($A26,5,2) -> 80 | C6: =MID($A26,8,2) -> 00 | D6: =MID($A26,11,2) -> 00 | E6: =MID($A26,14,2) -> 00 | F6: =MID($A26,17,2) -> 00 | G6: =MID($A26,20,2) -> 00 | H6: =MID($A26,23,2) -> 00 | I6: =MID($A26,26,2) -> 00 | J6: =MID($A26,29,2) -> 00 | K6: =MID($A26,32,2) -> 00 | L6: =MID($A26,35,2) -> 00 | M6: =MID($A26,38,2) -> 00 | N6: =MID($A26,41,2) -> 00 | O6: =MID($A26,44,2) -> 00 | P6: =MID($A26,47,2) -> 00 | Q6: =MID($A26,50,2) -> 00 | S6: =TEXT(HEX2BIN(B6),"00000000") -> 10000000 | T6: =TEXT(HEX2BIN(C6),"00000000") -> 00000000 | U6: =TEXT(HEX2BIN(D6),"00000000") -> 00000000 | V6: =TEXT(HEX2BIN(E6),"00000000") -> 00000000 | W6: =TEXT(HEX2BIN(F6),"00000000") -> 00000000 | X6: =TEXT(HEX2BIN(G6),"00000000") -> 00000000 | Y6: =TEXT(HEX2BIN(H6),"00000000") -> 00000000 | Z6: =TEXT(HEX2BIN(I6),"00000000") -> 00000000 | ... AH6: =TEXT(HEX2BIN(Q6),"00000000") -> 00000000 | AL6: 0x00[7:5] | AM6: CPU0 package ID | AN6: =MID(AN5,1,3) -> 000 | AO6: =MID(AO5,1,3) -> 000 | AR6: =TEXT(0,"000") -> 000 | AS6: POC | AU6: 0x1B[7] | AV6: M_AB_CPU0_RESET_N | AW6: =MID(AW5,1,1) -> 1 | AX6: =MID(AX5,1,1) -> 0 | BA6: 0x30[2] | BB6: SMB_MM7_SEL | BC6: =MID(BC5,6,1) -> 0 | BD6: =MID(BD5,6,1) -> 0 | BG6: 0xFE | BH6: 8S | BJ6: 0x78[7] | BK6: iFM_CPU0_JTAG_CTRL_EN_R | BL6: =MID(BL5,1,1) -> 1 | BM6: =MID(BM5,1,1) -> 1 | BQ6: 0x90[7] | BR6: vr_fail_all_or | BS6: 0 | BT6: =MID(BT5,1,1) -> 0 | BW6: 0xA0[7:4] | BX6: Determine CPU SKU or 1P/2P/Mismatched/No CPU | BY6: =TEXT(100,"0000") -> 0100 | BZ6: =MID(BZ5,1,4) -> 0100 | CC6: =TEXT(1,"0000") -> 0001 | CD6: SCM AUX (HPM STBY_EN)
A7: 50 | B7: =MID($A27,5,2) -> 3f | C7: =MID($A27,8,2) -> c0 | D7: =MID($A27,11,2) -> 00 | E7: =MID($A27,14,2) -> 00 | F7: =MID($A27,17,2) -> 00 | G7: =MID($A27,20,2) -> 00 | H7: =MID($A27,23,2) -> 00 | I7: =MID($A27,26,2) -> 00 | J7: =MID($A27,29,2) -> 00 | K7: =MID($A27,32,2) -> 00 | L7: =MID($A27,35,2) -> 00 | M7: =MID($A27,38,2) -> 00 | N7: =MID($A27,41,2) -> 00 | O7: =MID($A27,44,2) -> 00 | P7: =MID($A27,47,2) -> 00 | Q7: =MID($A27,50,2) -> 00 | S7: =TEXT(HEX2BIN(B7),"00000000") -> 00111111 | T7: =TEXT(HEX2BIN(C7),"00000000") -> 11000000 | U7: =TEXT(HEX2BIN(D7),"00000000") -> 00000000 | V7: =TEXT(HEX2BIN(E7),"00000000") -> 00000000 | W7: =TEXT(HEX2BIN(F7),"00000000") -> 00000000 | X7: =TEXT(HEX2BIN(G7),"00000000") -> 00000000 | Y7: =TEXT(HEX2BIN(H7),"00000000") -> 00000000 | Z7: =TEXT(HEX2BIN(I7),"00000000") -> 00000000 | ... AH7: =TEXT(HEX2BIN(Q7),"00000000") -> 00000000 | AL7: 0x00[4:3] | AM7: CPU0 processor ID | AN7: =MID(AN5,4,2) -> 00 | AO7: =MID(AO5,4,2) -> 00 | AR7: =TEXT(100,"000") -> 100 | AS7: EVT | AU7: 0x1B[6] | AV7: M_CD_CPU0_RESET_N | AW7: =MID(AW5,2,1) -> 1 | AX7: =MID(AX5,2,1) -> 1 | BA7: 0x30[1] | BB7: SMB_MM6_SEL | BC7: =MID(BC5,7,1) -> 0 | BD7: =MID(BD5,7,1) -> 0 | BJ7: 0x78[6] | BK7: iFM_CPU1_JTAG_CTRL_EN_R | BL7: =MID(BL5,2,1) -> 1 | BM7: =MID(BM5,2,1) -> 1 | BQ7: 0x90[6] | BR7: p1v8_aux_fail | BS7: 0 | BT7: =MID(BT5,2,1) -> 0 | BW7: 0xA0[3:0] | BX7: System Power on status | BY7: 1111 | BZ7: =MID(BZ5,5,4) -> 1111 | CA7: =IF(BZ7="0000", "Default", IF(BZ7="0001", "SCM AUX (HPM STBY_EN)", IF(BZ7="0010", "BMC Boot (HPM STBY_RSTn)", IF(BZ7="0011", "CPU Aux OK (S5 state)", IF(BZ7="0100", "Enable main power", IF(BZ7="0101", "CPU MEM PWR", IF(BZ7="0110", "CPU S0 PWROK", IF(BZ7="0111", "CPU PWRGD", IF(BZ7="1000", "CPU RESET", IF(BZ7="1010", "ERROR state", IF(BZ7="1011", "ST_ADR", IF(BZ7="1100", "ST_HANDSHAKE_0", IF(BZ7="1111", "Platform on (S0 state)", "Unknown code"))))))))))))) -> Platform on (S0 state) | CC7: =TEXT(10,"0000") -> 0010 | CD7: BMC Boot (HPM STBY_RSTn)
A8: 60 | B8: =MID($A28,5,2) -> e0 | C8: =MID($A28,8,2) -> 00 | D8: =MID($A28,11,2) -> 00 | E8: =MID($A28,14,2) -> ff | F8: =MID($A28,17,2) -> 00 | G8: =MID($A28,20,2) -> 00 | H8: =MID($A28,23,2) -> 67 | I8: =MID($A28,26,2) -> f9 | J8: =MID($A28,29,2) -> ff | K8: =MID($A28,32,2) -> ff | L8: =MID($A28,35,2) -> fc | M8: =MID($A28,38,2) -> 00 | N8: =MID($A28,41,2) -> 00 | O8: =MID($A28,44,2) -> 00 | P8: =MID($A28,47,2) -> 00 | Q8: =MID($A28,50,2) -> 00 | S8: =TEXT(HEX2BIN(B8),"00000000") -> 11100000 | T8: =TEXT(HEX2BIN(C8),"00000000") -> 00000000 | U8: =TEXT(HEX2BIN(D8),"00000000") -> 00000000 | V8: =TEXT(HEX2BIN(E8),"00000000") -> 11111111 | W8: =TEXT(HEX2BIN(F8),"00000000") -> 00000000 | X8: =TEXT(HEX2BIN(G8),"00000000") -> 00000000 | Y8: =TEXT(HEX2BIN(H8),"00000000") -> 01100111 | Z8: =TEXT(HEX2BIN(I8),"00000000") -> 11111001 | ... AH8: =TEXT(HEX2BIN(Q8),"00000000") -> 00000000 | AL8: 0x00[2] | AM8: CPU0 SKTOCC enable to CPLD | AN8: =MID(AN5,6,1) -> 0 | AO8: =MID(AO5,6,1) -> 0 | AR8: =TEXT(10,"000") -> 010 | AS8: DVT | AU8: 0x1B[5] | AV8: M_EF_CPU0_RESET_N | AW8: =MID(AW5,3,1) -> 1 | AX8: =MID(AX5,3,1) -> 1 | BA8: 0x30[0] | BB8: 1' indicates BIOS read/write, 0 indicates BMC read/write. | BC8: =MID(BC5,8,1) -> 0 | BD8: =MID(BD5,8,1) -> 0 | BG8: 0x3F[5:4] | BH8: SLED | BJ8: 0x78[5] | BK8: iFM_TDO_ISO_SW_R | BL8: =MID(BL5,3,1) -> 1 | BM8: =MID(BM5,3,1) -> 1 | BQ8: 0x90[5] | BR8: p1v05_aux_fail | BS8: 0 | BT8: =MID(BT5,3,1) -> 0 | BW8: 0xA1[7:0] | BY8: =TEXT(10010000,"00000000") -> 10010000 | BZ8: =T12 -> 10010000 | CC8: =TEXT(11,"0000") -> 0011 | CD8: CPU Aux OK (S5 state)
A9: 70 | B9: =MID($A29,5,2) -> 00 | C9: =MID($A29,8,2) -> 00 | D9: =MID($A29,11,2) -> 00 | E9: =MID($A29,14,2) -> 00 | F9: =MID($A29,17,2) -> 00 | G9: =MID($A29,20,2) -> 00 | H9: =MID($A29,23,2) -> 00 | I9: =MID($A29,26,2) -> 00 | J9: =MID($A29,29,2) -> f0 | K9: =MID($A29,32,2) -> 00 | L9: =MID($A29,35,2) -> 00 | M9: =MID($A29,38,2) -> c0 | N9: =MID($A29,41,2) -> 00 | O9: =MID($A29,44,2) -> 00 | P9: =MID($A29,47,2) -> 7b | Q9: =MID($A29,50,2) -> 00 | S9: =TEXT(HEX2BIN(B9),"00000000") -> 00000000 | T9: =TEXT(HEX2BIN(C9),"00000000") -> 00000000 | U9: =TEXT(HEX2BIN(D9),"00000000") -> 00000000 | V9: =TEXT(HEX2BIN(E9),"00000000") -> 00000000 | W9: =TEXT(HEX2BIN(F9),"00000000") -> 00000000 | X9: =TEXT(HEX2BIN(G9),"00000000") -> 00000000 | Y9: =TEXT(HEX2BIN(H9),"00000000") -> 00000000 | Z9: =TEXT(HEX2BIN(I9),"00000000") -> 00000000 | ... AH9: =TEXT(HEX2BIN(Q9),"00000000") -> 00000000 | AL9: 0x01[7:0] | AM9: CPU1 (From CLD2 via SGPIO) | AN9: =TEXT(T2,"00000000") -> 00000000 | AO9: =TEXT(T2,"00000000") -> 00000000 | AP9: =IF(AO9=AN9,"Pass","Check the (CPU/SGPIO)") -> Pass | AR9: =TEXT(110,"000") -> 110 | AS9: PVT | AU9: 0x1B[4] | AV9: M_GH_CPU0_RESET_N | AW9: =MID(AW5,4,1) -> 1 | AX9: =MID(AX5,4,1) -> 0 | BA9: 0x3E[7:0] | BB9: CABLE ID information from the PCA9555 | BC9: =IF(AP17="2s", "34", IF(AP17="4s", "f6", IF(AP17="8s", "fe", ""))) -> f6 | BD9: =P5 -> 00 | BE9: =IF(BD9="34", "2S mode", IF(BD9="F6", "4S mode", IF(BD9="FE", "8S mode", "Unknown mode"))) -> Unknown mode | BG9: 0 | BH9: SLED0 | BJ9: 0x78[4] | BK9: iFM_TDO_MUX_SEL_R | BL9: =MID(BL5,4,1) -> 1 | BM9: =MID(BM5,4,1) -> 1 | BQ9: 0x90[4] | BR9: pvccfa_ehv_cpu0_fail | BS9: 0 | BT9: =MID(BT5,4,1) -> 0 | BW9: 0xA1[7:5] | BX9: CPU0_AUX_status (cpu_aux) | BY9: 100 | BZ9: =MID(BZ8,1,3) -> 100 | CA9: =IF(BZ9="000", "INIT", IF(BZ9="001", "PVCC3V3_AUX", IF(BZ9="010", "PVCCFA_EHV", IF(BZ9="011", "PVNN_MAIN", IF(BZ9="100", "CPU_AUX_ON, Success", IF(BZ9="101", "PVCCFA_EHV_OFF", IF(BZ9="110", "PVNN_MAIN_OFF", IF(BZ9="111", "PWROFF_TIMEOUT" )))))))) -> CPU_AUX_ON, Success | CC9: =TEXT(100,"0000") -> 0100 | CD9: Enable main power
A10: 80 | B10: =MID($A30,5,2) -> 00 | C10: =MID($A30,8,2) -> cf | D10: =MID($A30,11,2) -> 00 | E10: =MID($A30,14,2) -> 00 | F10: =MID($A30,17,2) -> e0 | G10: =MID($A30,20,2) -> 00 | H10: =MID($A30,23,2) -> 00 | I10: =MID($A30,26,2) -> c0 | J10: =MID($A30,29,2) -> 00 | K10: =MID($A30,32,2) -> 00 | L10: =MID($A30,35,2) -> 00 | M10: =MID($A30,38,2) -> 00 | N10: =MID($A30,41,2) -> 00 | O10: =MID($A30,44,2) -> 00 | P10: =MID($A30,47,2) -> 00 | Q10: =MID($A30,50,2) -> 00 | S10: =TEXT(HEX2BIN(B10),"00000000") -> 00000000 | T10: =TEXT(HEX2BIN(C10),"00000000") -> 11001111 | U10: =TEXT(HEX2BIN(D10),"00000000") -> 00000000 | V10: =TEXT(HEX2BIN(E10),"00000000") -> 00000000 | W10: =TEXT(HEX2BIN(F10),"00000000") -> 11100000 | X10: =TEXT(HEX2BIN(G10),"00000000") -> 00000000 | Y10: =TEXT(HEX2BIN(H10),"00000000") -> 00000000 | Z10: =TEXT(HEX2BIN(I10),"00000000") -> 11000000 | ... AH10: =TEXT(HEX2BIN(Q10),"00000000") -> 00000000 | AL10: 0x01[7:5] | AM10: CPU1 package ID | AN10: =MID(AN9,1,3) -> 000 | AO10: =MID(AO9,1,3) -> 000 | AR10: =TEXT(1,"000") -> 001 | AS10: MP | AU10: 0x1C[7:0] | AV10: Indicate DDR AB/CD/EF/GH RESET | AW10: =TEXT(11110000,"00000000") -> 11110000 | AX10: =TEXT(AE3,"00000000") -> 01100000 | BA10: 0x3E[7:0] | BC10: =TEXT(HEX2BIN(BC9),"00000000") -> 11110110 | BD10: =AG5 -> 00000000 | BG10: 1 | BH10: SLED1 | BJ10: 0x78[3] | BK10: iFM_UART2_FPGA_SELECT | BL10: =MID(BL5,5,1) -> 0 | BM10: =MID(BM5,5,1) -> 0 | BQ10: 0x90[3] | BR10: pvccfa_ehv_cpu1_fail | BS10: 0 | BT10: =MID(BT5,5,1) -> 0 | BW10: 0xA1[4:2] | BX10: CPU1_AUX_status (cpu_aux) | BY10: 100 | BZ10: =MID(BZ8,4,3) -> 100 | CA10: =IF(BZ10="000", "INIT", IF(BZ10="001", "PVCC3V3_AUX", IF(BZ10="010", "PVCCFA_EHV", IF(BZ10="011", "PVNN_MAIN", IF(BZ10="100", "CPU_AUX_ON, Success", IF(BZ10="101", "PVCCFA_EHV_OFF", IF(BZ10="110", "PVNN_MAIN_OFF", IF(BZ10="111", "PWROFF_TIMEOUT" )))))))) -> CPU_AUX_ON, Success | CC10: =TEXT(101,"0000") -> 0101 | CD10: CPU MEM PWR
A11: 90 | B11: =MID($A31,5,2) -> 00 | C11: =MID($A31,8,2) -> 00 | D11: =MID($A31,11,2) -> 00 | E11: =MID($A31,14,2) -> 00 | F11: =MID($A31,17,2) -> 00 | G11: =MID($A31,20,2) -> 00 | H11: =MID($A31,23,2) -> 00 | I11: =MID($A31,26,2) -> 00 | J11: =MID($A31,29,2) -> 00 | K11: =MID($A31,32,2) -> 00 | L11: =MID($A31,35,2) -> 00 | M11: =MID($A31,38,2) -> 00 | N11: =MID($A31,41,2) -> 80 | O11: =MID($A31,44,2) -> 00 | P11: =MID($A31,47,2) -> 01 | Q11: =MID($A31,50,2) -> 08 | S11: =TEXT(HEX2BIN(B11),"00000000") -> 00000000 | T11: =TEXT(HEX2BIN(C11),"00000000") -> 00000000 | U11: =TEXT(HEX2BIN(D11),"00000000") -> 00000000 | V11: =TEXT(HEX2BIN(E11),"00000000") -> 00000000 | W11: =TEXT(HEX2BIN(F11),"00000000") -> 00000000 | X11: =TEXT(HEX2BIN(G11),"00000000") -> 00000000 | Y11: =TEXT(HEX2BIN(H11),"00000000") -> 00000000 | Z11: =TEXT(HEX2BIN(I11),"00000000") -> 00000000 | ... AH11: =TEXT(HEX2BIN(Q11),"00000000") -> 00001000 | AL11: 0x01[4:3] | AM11: CPU1 processor ID | AN11: =MID(AN9,4,2) -> 00 | AO11: =MID(AO9,4,2) -> 00 | AU11: 0x1C[7] | AV11: M_AB_CPU0_FPGA_RESET_R_N | AW11: =MID(AW10,1,1) -> 1 | AX11: =MID(AX10,1,1) -> 0 | BA11: 0x3E[7] | BB11: UPI1_CPU0_PRSNT1_N_R | BC11: =MID(BC10,1,1) -> 1 | BD11: =MID(BD10,1,1) -> 0 | BE11: 2.08.00 removed | BG11: 2 | BH11: SLED2 | BJ11: 0x78[2] | BK11: iFM_USB_CPU_FPGA_SELECT | BL11: =MID(BL5,6,1) -> 0 | BM11: =MID(BM5,6,1) -> 0 | BQ11: 0x90[2] | BR11: pvnn_main_cpu0_fail | BS11: 0 | BT11: =MID(BT5,6,1) -> 0 | BW11: 0xA2[7:0] | BY11: =TEXT(1000000,"00000000") -> 01000000 | BZ11: =U12 -> 01000000 | CC11: =TEXT(110,"0000") -> 0110 | CD11: CPU S0 PWROK
A12: a0 | B12: =MID($A32,5,2) -> 4f | C12: =MID($A32,8,2) -> 90 | D12: =MID($A32,11,2) -> 40 | E12: =MID($A32,14,2) -> 55 | F12: =MID($A32,17,2) -> fc | G12: =MID($A32,20,2) -> ff | H12: =MID($A32,23,2) -> c0 | I12: =MID($A32,26,2) -> 00 | J12: =MID($A32,29,2) -> 03 | K12: =MID($A32,32,2) -> 00 | L12: =MID($A32,35,2) -> 66 | M12: =MID($A32,38,2) -> 00 | N12: =MID($A32,41,2) -> 9b | O12: =MID($A32,44,2) -> 01 | P12: =MID($A32,47,2) -> 00 | Q12: =MID($A32,50,2) -> 00 | S12: =TEXT(HEX2BIN(B12),"00000000") -> 01001111 | T12: =TEXT(HEX2BIN(C12),"00000000") -> 10010000 | U12: =TEXT(HEX2BIN(D12),"00000000") -> 01000000 | V12: =TEXT(HEX2BIN(E12),"00000000") -> 01010101 | W12: =TEXT(HEX2BIN(F12),"00000000") -> 11111100 | X12: =TEXT(HEX2BIN(G12),"00000000") -> 11111111 | Y12: =TEXT(HEX2BIN(H12),"00000000") -> 11000000 | Z12: =TEXT(HEX2BIN(I12),"00000000") -> 00000000 | ... AH12: =TEXT(HEX2BIN(Q12),"00000000") -> 00000000 | AL12: 0x01[2] | AM12: CPU1 SKTOCC enable to CPLD | AN12: =MID(AN9,6,1) -> 0 | AO12: =MID(AO9,6,1) -> 0 | AR12: 0x03[3:2] | AS12: mode configuration | AU12: 0x1C[6] | AV12: M_CD_CPU0_FPGA_RESET_R_N | AW12: =MID(AW10,2,1) -> 1 | AX12: =MID(AX10,2,1) -> 1 | BA12: 0x3E[6] | BB12: UPI1_CPU0_ID0_R | BC12: =MID(BC10,2,1) -> 1 | BD12: =MID(BD10,2,1) -> 0 | BG12: 3 | BH12: SLED3 | BJ12: 0x78[1] | BK12: 0 | BL12: =MID(BL5,7,1) -> 0 | BM12: =MID(BM5,7,1) -> 0 | BQ12: 0x90[1] | BR12: pvnn_main_cpu1_fail | BS12: 0 | BT12: =MID(BT5,7,1) -> 0 | BW12: 0xA2[7:4] | BX12: PSU Status | BY12: =TEXT(100,"0000") -> 0100 | BZ12: =MID(BZ11,1,4) -> 0100 | CA12: =IF(BZ12="0000", "INIT", IF(BZ12="0001", "S5_12V", IF(BZ12="0010", "ON", IF(BZ12="0011", "P3V3_OK", IF(BZ12="0100", "DONE, Success", IF(BZ12="0101", "PWR_OFF", IF(BZ12="0110", "PSU_FAULT", IF(BZ12="0111", "P3V3_FAULT" )))))))) -> DONE, Success | CC12: =TEXT(111,"0000") -> 0111 | CD12: CPU PWRGD
A13: b0 | B13: =MID($A33,5,2) -> 10 | C13: =MID($A33,8,2) -> 00 | D13: =MID($A33,11,2) -> 00 | E13: =MID($A33,14,2) -> 00 | F13: =MID($A33,17,2) -> 00 | G13: =MID($A33,20,2) -> 00 | H13: =MID($A33,23,2) -> 00 | I13: =MID($A33,26,2) -> 00 | J13: =MID($A33,29,2) -> 00 | K13: =MID($A33,32,2) -> 00 | L13: =MID($A33,35,2) -> 00 | M13: =MID($A33,38,2) -> 00 | N13: =MID($A33,41,2) -> 00 | O13: =MID($A33,44,2) -> 00 | P13: =MID($A33,47,2) -> 00 | Q13: =MID($A33,50,2) -> 00 | S13: =TEXT(HEX2BIN(B13),"00000000") -> 00010000 | T13: =TEXT(HEX2BIN(C13),"00000000") -> 00000000 | U13: =TEXT(HEX2BIN(D13),"00000000") -> 00000000 | V13: =TEXT(HEX2BIN(E13),"00000000") -> 00000000 | W13: =TEXT(HEX2BIN(F13),"00000000") -> 00000000 | X13: =TEXT(HEX2BIN(G13),"00000000") -> 00000000 | Y13: =TEXT(HEX2BIN(H13),"00000000") -> 00000000 | Z13: =TEXT(HEX2BIN(I13),"00000000") -> 00000000 | ... AH13: =TEXT(HEX2BIN(Q13),"00000000") -> 00000000 | AL13: 0x02[7:0] | AM13: HPM REVISION ID | AO13: =TEXT(U2,"00000000") -> 11000011 | AR13: =TEXT(0,"00") -> 00 | AS13: 2S | AU13: 0x1C[5] | AV13: M_EF_CPU0_FPGA_RESET_R_N | AW13: =MID(AW10,3,1) -> 1 | AX13: =MID(AX10,3,1) -> 1 | BA13: 0x3E[5] | BB13: UPI3_CPU1_ID0_R | BC13: =MID(BC10,3,1) -> 1 | BD13: =MID(BD10,3,1) -> 0 | BJ13: 0x78[0] | BK13: 0 | BL13: =MID(BL5,8,1) -> 0 | BM13: =MID(BM5,8,1) -> 0 | BQ13: 0x90[0] | BR13: p12v_main_fail | BS13: 0 | BT13: =MID(BT5,8,1) -> 0 | BW13: 0xA3[7:0] | BY13: =TEXT(1010101,"00000000") -> 01010101 | BZ13: =V12 -> 01010101 | CC13: 1000 | CD13: CPU RESET
A14: c0 | B14: =MID($A34,5,2) -> 00 | C14: =MID($A34,8,2) -> 00 | D14: =MID($A34,11,2) -> 00 | E14: =MID($A34,14,2) -> 00 | F14: =MID($A34,17,2) -> 00 | G14: =MID($A34,20,2) -> 00 | H14: =MID($A34,23,2) -> 00 | I14: =MID($A34,26,2) -> 00 | J14: =MID($A34,29,2) -> 00 | K14: =MID($A34,32,2) -> 00 | L14: =MID($A34,35,2) -> 00 | M14: =MID($A34,38,2) -> 00 | N14: =MID($A34,41,2) -> 00 | O14: =MID($A34,44,2) -> 00 | P14: =MID($A34,47,2) -> 00 | Q14: =MID($A34,50,2) -> 00 | S14: =TEXT(HEX2BIN(B14),"00000000") -> 00000000 | T14: =TEXT(HEX2BIN(C14),"00000000") -> 00000000 | U14: =TEXT(HEX2BIN(D14),"00000000") -> 00000000 | V14: =TEXT(HEX2BIN(E14),"00000000") -> 00000000 | W14: =TEXT(HEX2BIN(F14),"00000000") -> 00000000 | X14: =TEXT(HEX2BIN(G14),"00000000") -> 00000000 | Y14: =TEXT(HEX2BIN(H14),"00000000") -> 00000000 | Z14: =TEXT(HEX2BIN(I14),"00000000") -> 00000000 | ... AH14: =TEXT(HEX2BIN(Q14),"00000000") -> 00000000 | AL14: 0x02[7:5] | AM14: HPM REVISION ID[0:2] | AO14: =MID(AO13,1,3) -> 110 | AP14: =IF(AO14="000","POC",IF(AO14="100","EVT",IF(AO14="010","DVT",IF(AO14="110","PVT",IF(AO14="001","MP",""))))) -> PVT | AR14: 11 | AS14: 4S | AU14: 0x1C[4] | AV14: M_GH_CPU0_FPGA_RESET_R_N | AW14: =MID(AW10,4,1) -> 1 | AX14: =MID(AX10,4,1) -> 0 | BA14: 0x3E[4] | BB14: UPI3_CPU1_ID1_R | BC14: =MID(BC10,4,1) -> 1 | BD14: =MID(BD10,4,1) -> 0 | BG14: 0x3F[3:0] | BH14: Mode | BQ14: 0x91[7:0] | BS14: =TEXT(0,"00000000") -> 00000000 | BT14: =T11 -> 00000000 | BW14: 0xA3[7:4] | BX14: CPU0 Memory Power Rail Status | BY14: =TEXT(101,"0000") -> 0101 | BZ14: =MID(BZ13,1,4) -> 0101 | CA14: =IF(BZ14="0000", "INIT", IF(BZ14="0001", "PVCCD_HV", IF(BZ14="0010", "PVCCFA_EHV_FIVRA", IF(BZ14="0011", "PVCCINFAON", IF(BZ14="0100", "PVCCIN", IF(BZ14="0101", "PWR_DOWN", IF(BZ14="0110", "PVCCIN_OFF", IF(BZ14="1000", "PVCCINFAON_OFF", IF(BZ14="1001", "PVCCFA_EHV_FIVRA_OFF", IF(BZ14="1010", "PVCCD_HV_OFF", IF(BZ14="1011", "PWROFF_TIMEOUT" ))))))))))) -> PWR_DOWN | CC14: 1010 | CD14: ERROR state
A15: d0 | B15: =MID($A35,5,2) -> 00 | C15: =MID($A35,8,2) -> 00 | D15: =MID($A35,11,2) -> 00 | E15: =MID($A35,14,2) -> 00 | F15: =MID($A35,17,2) -> 69 | G15: =MID($A35,20,2) -> 00 | H15: =MID($A35,23,2) -> 00 | I15: =MID($A35,26,2) -> fe | J15: =MID($A35,29,2) -> 00 | K15: =MID($A35,32,2) -> 00 | L15: =MID($A35,35,2) -> 00 | M15: =MID($A35,38,2) -> 00 | N15: =MID($A35,41,2) -> 00 | O15: =MID($A35,44,2) -> 00 | P15: =MID($A35,47,2) -> 00 | Q15: =MID($A35,50,2) -> 00 | S15: =TEXT(HEX2BIN(B15),"00000000") -> 00000000 | T15: =TEXT(HEX2BIN(C15),"00000000") -> 00000000 | U15: =TEXT(HEX2BIN(D15),"00000000") -> 00000000 | V15: =TEXT(HEX2BIN(E15),"00000000") -> 00000000 | W15: =TEXT(HEX2BIN(F15),"00000000") -> 01101001 | X15: =TEXT(HEX2BIN(G15),"00000000") -> 00000000 | Y15: =TEXT(HEX2BIN(H15),"00000000") -> 00000000 | Z15: =TEXT(HEX2BIN(I15),"00000000") -> 11111110 | ... AH15: =TEXT(HEX2BIN(Q15),"00000000") -> 00000000 | AL15: 0x02[3:0] | AM15: HPM REVISION ID[2:0] | AO15: =MID(AO13,6,3) -> 011 | AP15: =IF(AO15="000","POC",IF(AO15="001","EVT",IF(AO15="010","DVT",IF(AO15="011","PVT",IF(AO15="100","MP",""))))) -> PVT | AR15: =TEXT(1,"00") -> 01 | AS15: 8S | AU15: 0x1D[7:0] | AV15: DDR RESET from CPU1 | AW15: =TEXT(11110000,"00000000") -> 11110000 | AX15: =TEXT(AF3,"00000000") -> 10100000 | BA15: 0x3E[3] | BB15: UPI2_CPU1_PRSNT2_N_R | BC15: =MID(BC10,5,1) -> 0 | BD15: =MID(BD10,5,1) -> 0 | BG15: 0x5 | BH15: 2S | BK15: Common info | BL15: EXP. | BM15: Data. | BN15: Analyze | BQ15: 0x91[7] | BR15: p12v_edsff_fail | BS15: 0 | BT15: =MID(BT14,1,1) -> 0 | BW15: 0xA3[3:0] | BX15: CPU1 Memory Power Rail Status | BY15: =TEXT(101,"0000") -> 0101 | BZ15: =MID(BZ13,5,4) -> 0101 | CA15: =IF(BZ15="0000", "INIT", IF(BZ15="0001", "PVCCD_HV", IF(BZ15="0010", "PVCCFA_EHV_FIVRA", IF(BZ15="0011", "PVCCINFAON", IF(BZ15="0100", "PVCCIN", IF(BZ15="0101", "PWR_DOWN", IF(BZ15="0110", "PVCCIN_OFF", IF(BZ15="1000", "PVCCINFAON_OFF", IF(BZ15="1001", "PVCCFA_EHV_FIVRA_OFF", IF(BZ15="1010", "PVCCD_HV_OFF", IF(BZ15="1011", "PWROFF_TIMEOUT" ))))))))))) -> PWR_DOWN | CC15: =TEXT(0,"1011") -> 1011 | CD15: ST_ADR
A16: e0 | B16: =MID($A36,5,2) -> 00 | C16: =MID($A36,8,2) -> 00 | D16: =MID($A36,11,2) -> 00 | E16: =MID($A36,14,2) -> 00 | F16: =MID($A36,17,2) -> 00 | G16: =MID($A36,20,2) -> 00 | H16: =MID($A36,23,2) -> 00 | I16: =MID($A36,26,2) -> 00 | J16: =MID($A36,29,2) -> 00 | K16: =MID($A36,32,2) -> 00 | L16: =MID($A36,35,2) -> 00 | M16: =MID($A36,38,2) -> 00 | N16: =MID($A36,41,2) -> 00 | O16: =MID($A36,44,2) -> 00 | P16: =MID($A36,47,2) -> 00 | Q16: =MID($A36,50,2) -> 00 | S16: =TEXT(HEX2BIN(B16),"00000000") -> 00000000 | T16: =TEXT(HEX2BIN(C16),"00000000") -> 00000000 | U16: =TEXT(HEX2BIN(D16),"00000000") -> 00000000 | V16: =TEXT(HEX2BIN(E16),"00000000") -> 00000000 | W16: =TEXT(HEX2BIN(F16),"00000000") -> 00000000 | X16: =TEXT(HEX2BIN(G16),"00000000") -> 00000000 | Y16: =TEXT(HEX2BIN(H16),"00000000") -> 00000000 | Z16: =TEXT(HEX2BIN(I16),"00000000") -> 00000000 | ... AH16: =TEXT(HEX2BIN(Q16),"00000000") -> 00000000 | AL16: 0x03[7:0] | AM16: configuration | AO16: =TEXT(V2,"00000000") -> 00001100 | AR16: 10 | AS16: Else (Default to 2S) | AU16: 0x1D[7] | AV16: M_AB_CPU1_RESET_N | AW16: =MID(AW15,1,1) -> 1 | AX16: =MID(AX15,1,1) -> 1 | BA16: 0x3E[2] | BB16: UPI2_CPU1_ID1_R | BC16: =MID(BC10,6,1) -> 1 | BD16: =MID(BD10,6,1) -> 0 | BG16: 0xD | BH16: 4S | BK16: ARM JTAG ICE topology allowed for BMC debugging | BQ16: 0x91[6] | BR16: p3v3_main_fail | BS16: 0 | BT16: =MID(BT14,2,1) -> 0 | BW16: 0xA4[7:0] | BY16: =TEXT(11111100,"00000000") -> 11111100 | BZ16: =W12 -> 11111100 | CC16: =TEXT(0,"1100") -> 1100 | CD16: ST_HANDSHAKE_0
A17: f0 | B17: =MID($A37,5,2) -> 00 | C17: =MID($A37,8,2) -> 00 | D17: =MID($A37,11,2) -> 00 | E17: =MID($A37,14,2) -> 00 | F17: =MID($A37,17,2) -> 00 | G17: =MID($A37,20,2) -> 00 | H17: =MID($A37,23,2) -> 00 | I17: =MID($A37,26,2) -> 00 | J17: =MID($A37,29,2) -> 00 | K17: =MID($A37,32,2) -> 00 | L17: =MID($A37,35,2) -> 00 | M17: =MID($A37,38,2) -> 00 | N17: =MID($A37,41,2) -> 00 | O17: =MID($A37,44,2) -> 00 | P17: =MID($A37,47,2) -> 02 | Q17: =MID($A37,50,2) -> 0a | S17: =TEXT(HEX2BIN(B17),"00000000") -> 00000000 | T17: =TEXT(HEX2BIN(C17),"00000000") -> 00000000 | U17: =TEXT(HEX2BIN(D17),"00000000") -> 00000000 | V17: =TEXT(HEX2BIN(E17),"00000000") -> 00000000 | W17: =TEXT(HEX2BIN(F17),"00000000") -> 00000000 | X17: =TEXT(HEX2BIN(G17),"00000000") -> 00000000 | Y17: =TEXT(HEX2BIN(H17),"00000000") -> 00000000 | Z17: =TEXT(HEX2BIN(I17),"00000000") -> 00000000 | ... AH17: =TEXT(HEX2BIN(Q17),"00000000") -> 00001010 | AL17: 0x03[3:2] | AM17: mode configuration | AO17: =MID(AO16,5,2) -> 11 | AP17: =IF(AO17="00","2S",IF(AO17="01","8S",IF(AO17="10","!!!D2ScheckFRU!!!",IF(AO17="11","4S","ERR")))) -> 4S | AU17: 0x1D[6] | AV17: M_CD_CPU1_RESET_N | AW17: =MID(AW15,2,1) -> 1 | AX17: =MID(AX15,2,1) -> 0 | BA17: 0x3E[1] | BB17: UPI0_CPU1_PRSNT2_N_R | BC17: =MID(BC10,7,1) -> 1 | BD17: =MID(BD10,7,1) -> 0 | BG17: 0x7 | BH17: 8S | BJ17: 0x7B[7:0] | BL17: =TEXT(0,"11000000") -> 11000000 | BM17: =AD9 -> 11000000 | BQ17: 0x91[5] | BR17: pvccd0_hv_cpu0_fail | BS17: 0 | BT17: =MID(BT14,3,1) -> 0 | BW17: 0xA4[7:5] | BX17: Reserved | BY17: 111 | BZ17: =MID(BZ16,1,3) -> 111 | CC17: 1111 | CD17: Platform on (S0 state)
AL18: 0x03[1:0] | AM18: Node ID | AO18: =MID(AO16,7,2) -> 00 | AP18: =IF(AO18="00","SLED0",IF(AO18="01","SLED1",IF(AO18="10","SLED2",IF(AO18="11","SLED3","ERR")))) -> SLED0 | AR18: 0x03[1:0] | AS18: Node ID | AU18: 0x1D[5] | AV18: M_EF_CPU1_RESET_N | AW18: =MID(AW15,3,1) -> 1 | AX18: =MID(AX15,3,1) -> 1 | BA18: 0x3E[0] | BB18: UPI0_CPU1_ID0_R | BC18: =MID(BC10,8,1) -> 0 | BD18: =MID(BD10,8,1) -> 0 | BJ18: 0x7B[7] | BK18: iFM_USB_FPNL_OC_R_N | BL18: =MID(BL17,1,1) -> 1 | BM18: =MID(BM17,1,1) -> 1 | BQ18: 0x91[4] | BR18: pvccd1_hv_cpu0_fail | BS18: 0 | BT18: =MID(BT14,4,1) -> 0 | BW18: 0xA4[4:2] | BX18: Reserved | BY18: 111 | BZ18: =MID(BZ16,4,3) -> 111
AL19: 0x04[7:0] | AM19: BMC WOL function | AN19: 0 | AO19: =TEXT(W2,"00000000") -> 00000011 | AR19: =TEXT(0,"00") -> 00 | AS19: SLED0 | AU19: 0x1D[4] | AV19: M_GH_CPU1_RESET_N | AW19: =MID(AW15,4,1) -> 1 | AX19: =MID(AX15,4,1) -> 0 | BA19: 0x3F[7:0] | BB19: CABLE ID information from the PCA9555 | BD19: ='[1]CPLD1 reg'!Q5 -> 05 | BJ19: 0x7B[6] | BK19: iRST_USBCTL_PERST_N | BL19: =MID(BL17,2,1) -> 1 | BM19: =MID(BM17,2,1) -> 1 | BQ19: 0x91[3] | BR19: pvccd0_hv_cpu1_fail | BS19: 0 | BT19: =MID(BT14,5,1) -> 0 | BW19: 0xA5[7:0] | BX19: root_state -- pwr_stat | BY19: 11111111 | BZ19: =X12 -> 11111111 | CA19: =IF(BZ19="00000000","INIT", IF(BZ19="00000001","HPM_STBY_RDY", IF(BZ19="00000010","P1V8_AUX PWRGD", IF(BZ19="00000011","P1V05_AUX PWRGD", IF(BZ19="00000100","PVCCFA_EHV_CPU0 PWRGD", IF(BZ19="00000101","PVNN_MAIN_CPU0 PWRGD", IF(BZ19="00000110","HPM_STBY_RST", IF(BZ19="00000111","AUX_PWRGD_CPU0_PLD", IF(BZ19="00001000","SLPS4_N & SLP_S3_N is on", IF(BZ19="00001001","P12V_MAIN PWRGD", IF(BZ19="00001010","P3V3_MAIN PWRGD", IF(BZ19="00001011","PVCCFA_EHV_CPU1 PWRGD", IF(BZ19="00001100","PVNN_MAIN_CPU1 PWRGD", IF(BZ19="00001101","PWRGD_AUX_PWRGD_CPU1_PLD", IF(BZ19="00001110","PWRGD_PVCCD_HV_CPU0", IF(BZ19="00001111","PWRGD_PVCCD_HV_CPU1", IF(BZ19="00010000","PWRGD_PVCCFA_EHV_FIVRA_CPU0", IF(BZ19="00010001","PWRGD_PVCCFA_EHV_FIVRA_CPU1", IF(BZ19="00010010","PWRGD_PVCCINF_CPU0", IF(BZ19="00010011","PWRGD_PVCCINF_CPU1", IF(BZ19="00010100","PWRGD_PVCCIN_CPU0", IF(BZ19="00010101","PWRGD_PVCCIN_CPU1", IF(BZ19="00010110","PWRGD_S0_PWROK_CPU0", IF(BZ19="00010111","PWRGD_S0_PWROK_CPU1", IF(BZ19="00011000","CPU0_REFCLK_RDY", IF(BZ19="00011001","CPU1_REFCLK_RDY", IF(BZ19="11111111","RST_PLTRST release, system on.", "Unknown Code"))))))))))))))))))))))))))) -> RST_PLTRST release, system on.
A20: Paste LOG Here ( i2cdump -y -a -f 5 0x30 ) | AL20: 0x04 | AM20: iwWOL_OUT | AN20: 1 | AO20: =MID(AO19,7,1) -> 1 | AP20: Don't care | AR20: =TEXT(1,"00") -> 01 | AS20: SLED1 | AU20: 0x1E[7:0] | AV20: Indicate DDR AB/CD/EF/GH RESET | AW20: =TEXT(11110000,"00000000") -> 11110000 | AX20: =TEXT(AG3,"00000000") -> 10100000 | BA20: 0x3F[5:4] | BB20: SLED | BD20: =MID(BD19,1,1) -> 0 | BE20: =IF(BD20="0", "SLED0", IF(BD20="1", "SLED1", IF(BD20="2", "SLED2", IF(BD20="3", "SLED3", "Invalid")))) -> SLED0 | BQ20: 0x91[2] | BR20: pvccd1_hv_cpu1_fail | BS20: 0 | BT20: =MID(BT14,6,1) -> 0 | BW20: 0xA6[7:0] | BX20: SGPIO Link Status | BY20: 11000000 | BZ20: =Y12 -> 11000000
A21: 0 1 2 3 4 5 6 7 8 9 a b c d e f 0123456789abcdef | AL21: 0x04 | AM21: iwWOL_IN | AN21: 1 | AO21: =MID(AO19,8,1) -> 1 | AP21: Don't care | AR21: 10 | AS21: SLED2 | AU21: 0x1E[7] | AV21: M_AB_CPU1_FPGA_RESET_R_N | AW21: =MID(AW20,1,1) -> 1 | AX21: =MID(AX20,1,1) -> 1 | BA21: 0x3F[3:0] | BB21: Mode | BC21: =IF(AP17="2s", "5", IF(AP17="4s", "d", IF(AP17="8s", "7", ""))) -> d | BD21: =MID(BD19,2,1) -> 5 | BE21: =IF(BD21="5", "2S", IF(BD21="D", "4S", IF(BD21="7", "8S", "Unknown"))) -> 2S | BK21: Common info | BL21: EXP. | BM21: Data. | BN21: Analyze | BQ21: 0x91[1] | BR21: pvccfa_ehv_fivra_cpu0_fail | BS21: 0 | BT21: =MID(BT14,7,1) -> 0 | BW21: 0xA6[7:6] | BX21: (CPLD1-SCM)SGPIO Link Status 1 meas link is OK | CC21: 0xA5[7:0] | CD21: root_state -- pwr_stat
A22: 00: 00 00 c3 0c 03 80 00 03 00 ff fe 00 00 fc 00 00 ..????.?..?..?.. | AR22: 11 | AS22: SLED3 | AU22: 0x1E[6] | AV22: M_CD_CPU1_FPGA_RESET_R_N | AW22: =MID(AW20,2,1) -> 1 | AX22: =MID(AX20,2,1) -> 0 | BA22: 0x3E[7:0] | BC22: =TEXT(HEX2BIN(BC21),"00000000") -> 00001101 | BD22: ='[1]CPLD1 reg'!AH5 -> 00000101 | BQ22: 0x91[0] | BR22: pvccfa_ehv_fivra_cpu1_fail | BS22: 0 | BT22: =MID(BT14,8,1) -> 0 | BW22: 0xA7 | BX22: XDP mode status | BY22: =TEXT(0,"00000000") -> 00000000 | BZ22: =Z12 -> 00000000 | CC22: (00)00000000 | CD22: INIT
A23: 10: ff c0 fe c0 ff ff 00 00 00 00 00 60 60 a0 a0 f0 .???.......``??? | AM23: Common info | AN23: EXP. | AO23: Data. | AP23: analyze | AU23: 0x1E[5] | AV23: M_EF_CPU1_FPGA_RESET_R_N | AW23: =MID(AW20,3,1) -> 1 | AX23: =MID(AX20,3,1) -> 1 | BA23: 0x3E[7] | BB23: 1'b0 | BC23: =MID(BC22,1,1) -> 0 | BD23: =MID(BD22,1,1) -> 0 | BJ23: 0x7E[7:0] | BL23: =TEXT(0,"01111011") -> 01111011 | BM23: =AG9 -> 01111011 | BQ23: 0x92[7:0] | BS23: =TEXT(0,"00000000") -> 00000000 | BT23: =U11 -> 00000000 | BW23: 0xA7[7:4] | BX23: [07:04] : pmode_state | BY23: =TEXT(0,"0000") -> 0000 | BZ23: =MID(BZ22,1,4) -> 0000 | CC23: (01)00000001 | CD23: HPM_STBY_RDY
A24: 20: f0 f0 f0 00 00 e0 00 00 00 00 00 00 00 03 0f 00 ???..?.......??. | AM24: Debug/Jumper | AR24: 0x07[1:0] | AS24: cable mode configuration | AU24: 0x1E[4] | AV24: M_GH_CPU1_FPGA_RESET_R_N | AW24: =MID(AW20,4,1) -> 1 | AX24: =MID(AX20,4,1) -> 0 | BA24: 0x3E[6] | BB24: 1'b0 | BC24: =MID(BC22,2,1) -> 0 | BD24: =MID(BD22,2,1) -> 0 | BJ24: 0x7E[7] | BK24: iRST_DBP_RST_CO_P3V3_N | BL24: =MID(BL23,1,1) -> 0 | BM24: =MID(BM23,1,1) -> 0 | BO24: no use | BQ24: 0x92[7] | BR24: pvccinf_cpu0_fail | BS24: 0 | BT24: =MID(BT23,1,1) -> 0 | BW24: 0xA7[3] | BX24: 03: counter_state -- Pmode.sv | BY24: =TEXT(0,"0") -> 0 | BZ24: =MID(BZ22,5,1) -> 0 | CC24: (02)00000010 | CD24: P1V8_AUX PWRGD
A25: 30: 00 00 00 00 00 00 00 00 00 00 00 00 00 00 00 00 ................ | AL25: 0x05[7:0] | AM25: XDP Debug | AN25: 10000000 | AO25: =TEXT(X2,"00000000") -> 10000000 | AR25: =TEXT(0,"00") -> 00 | AS25: 2S | AU25: 0x1F[7:0] | AV25: Indicate CPU0 DIMM power good | AW25: =TEXT(11110000,"00000000") -> 11110000 | AX25: =TEXT(AH3,"00000000") -> 11110000 | BA25: 0x3E[5] | BB25: oFM_NODE_ID1 | BC25: =MID(BC22,3,1) -> 0 | BD25: =MID(BD22,3,1) -> 0 | BJ25: 0x7E[6] | BK25: iFM_DBP_PRESENT_N | BL25: =MID(BL23,2,1) -> 1 | BM25: =MID(BM23,2,1) -> 1 | BO25: sgpio_rx[24] | BQ25: 0x92[6] | BR25: pvccinf_cpu1_fail | BS25: 0 | BT25: =MID(BT23,2,1) -> 0 | BW25: 0xA7[2:1] | BX25: [02:01] : transmit_a_pmode_packet_state | BY25: =TEXT(0,"00") -> 00 | BZ25: =MID(BZ22,6,2) -> 00 | CC25: (03)00000011 | CD25: P1V05_AUX PWRGD
A26: 40: 80 00 00 00 00 00 00 00 00 00 00 00 00 00 00 00 ?............... | AL26: 0x05[7] | AM26: DBP_PMODE_R | AR26: 11 | AS26: 4S | AU26: 0x1F[7] | AV26: PWRGD_FAIL_CPU0_AB_PLD | AW26: =MID(AW25,1,1) -> 1 | AX26: =MID(AX25,1,1) -> 1 | BA26: 0x3E[4] | BB26: oFM_NODE_ID0 | BC26: =MID(BC22,4,1) -> 0 | BD26: =MID(BD22,4,1) -> 0 | BJ26: 0x7E[5] | BK26: iPDB_ALERT3_EN_N | BL26: =MID(BL23,3,1) -> 1 | BM26: =MID(BM23,3,1) -> 1 | BQ26: 0x92[5] | BR26: pvccin_cpu0_fail | BS26: 0 | BT26: =MID(BT23,3,1) -> 0 | BW26: 0xA8 | BX26: SGPIO Link Status(CPLD1-CPLD2)(CPLD1-PDB) | BY26: =TEXT(11,"00000000") -> 00000011 | BZ26: =AA12 -> 00000011 | CC26: (04)00000100 | CD26: PVCCFA_EHV_CPU0 PWRGD
A27: 50: 3f c0 00 00 00 00 00 00 00 00 00 00 00 00 00 00 ??.............. | AL27: 0x05[3] | AM27: FM_MBP01_ISO_SW_R | AR27: =TEXT(1,"00") -> 01 | AS27: 8S | AU27: 0x1F[6] | AV27: PWRGD_FAIL_CPU0_CD_PLD | AW27: =MID(AW25,2,1) -> 1 | AX27: =MID(AX25,2,1) -> 1 | BA27: 0x3E[3] | BB27: UPI3_CPU0_PRSNT1_N_R | BC27: =MID(BC22,5,1) -> 1 | BD27: =MID(BD22,5,1) -> 0 | BE27: 2.08.00 removed | BJ27: 0x7E[4] | BK27: iBMC_PWRCAP_N | BL27: =MID(BL23,4,1) -> 1 | BM27: =MID(BM23,4,1) -> 1 | BQ27: 0x92[4] | BR27: pvccin_cpu1_fail | BS27: 0 | BT27: =MID(BT23,4,1) -> 0 | BW27: 0xA8[7:2] | BX27: pdb_alert1_en_n_ovr | BY27: 0 | BZ27: =MID(BZ26,1,6) -> 000000 | CC27: (05)00000101 | CD27: PVNN_MAIN_CPU0 PWRGD
A28: 60: e0 00 00 ff 00 00 67 f9 ff ff fc 00 00 00 00 00 ?.....g?..?..... | AL28: 0x06[7:0] | AM28: BIOS IMAGE SWAP (GPP_D_19) | AN28: 0 | AO28: =TEXT(Y2,"00000000") -> 00000000 | AR28: 10 | AS28: Else (Default to 2S) Please check UPI cable!! | AU28: 0x1F[5] | AV28: PWRGD_FAIL_CPU0_EF_PLD | AW28: =MID(AW25,3,1) -> 1 | AX28: =MID(AX25,3,1) -> 1 | BA28: 0x3E[2] | BB28: UPI3_CPU0_ID0_R | BC28: =MID(BC22,6,1) -> 1 | BD28: =MID(BD22,6,1) -> 1 | BJ28: 0x7E[3] | BK28: iBMC_FORCE_NM_THROTTLE_EN_N | BL28: =MID(BL23,5,1) -> 1 | BM28: =MID(BM23,5,1) -> 1 | BW28: 0xA8[1] | BX28: isgpio_hpm1_to_glb_link | BY28: 1 | BZ28: =MID(BZ26,7,1) -> 1 | CC28: (06)00000110 | CD28: HPM_STBY_RST
A29: 70: 00 00 00 00 00 00 00 00 f0 00 00 c0 00 00 7b 00 ........?..?..{. | AL29: 0x06[7] | AM29: FM_BIOS_IMAGE_SWAP | AU29: 0x1F[4] | AV29: PWRGD_FAIL_CPU0_GH_PLD | AW29: =MID(AW25,4,1) -> 1 | AX29: =MID(AX25,4,1) -> 1 | BA29: 0x3E[1] | BB29: UPI2_CPU0_PRSNT1_N_R | BC29: =MID(BC22,7,1) -> 0 | BD29: =MID(BD22,7,1) -> 0 | BJ29: 0x7E[2] | BK29: iRM_THROTTLE_EN_N | BL29: =MID(BL23,6,1) -> 0 | BM29: =MID(BM23,6,1) -> 0 | BR29: Common info | BS29: EXP. | BT29: Data. | BU29: Analyze | BW29: 0xA8[0] | BX29: isgpio_hpm1_to_hpm2_link | BY29: 1 | BZ29: =MID(BZ26,8,1) -> 1 | CC29: (07)00000111 | CD29: AUX_PWRGD_CPU0_PLD
A30: 80: 00 cf 00 00 e0 00 00 c0 00 00 00 00 00 00 00 00 .?..?..?........ | AL30: 0x07[7:0] | AM30: cable mode configuration | AN30: 10 | AO30: =TEXT(Z2,"00000000") -> 00000011 | AU30: 0x20[7:0] | AV30: Indicate CPU1 DIMM power good | AW30: =TEXT(11110000,"00000000") -> 11110000 | AX30: =TEXT(S4,"00000000") -> 11110000 | BA30: 0x3E[0] | BB30: UPI2_CPU0_ID1_R | BC30: =MID(BC22,8,1) -> 1 | BD30: =MID(BD22,8,1) -> 1 | BJ30: 0x7E[1] | BK30: iPMB_ALERT_EN_N | BL30: =MID(BL23,7,1) -> 1 | BM30: =MID(BM23,7,1) -> 1 | BR30: Critical/Warning Signals Override Status | BW30: 0xA9[7:0] | BX30: SGPIO Link CRC ERROR (CPLD1-CPLD2) | BY30: =TEXT(0,"00000000") -> 00000000 | BZ30: =AB12 -> 00000000 | CA30: =IF(BIN2DEC(BZ30)>0,"!!!!CRC ERROR!!!","link stable") -> link stable | CC30: (08)00001000 | CD30: SLPS4_N & SLP_S3_N is on
A31: 90: 00 00 00 00 00 00 00 00 00 00 00 00 80 00 01 08 ............?.?? | AL31: 0x07[1:0] | AM31: cable mode configuration | AO31: =MID(AO30,7,2) -> 11 | AP31: =IF(AO31="00","2S",IF(AO31="01","8S",IF(AO31="10","!!!D2S:check UPI cable!!!",IF(AO31="11","4S","ERR")))) -> 4S | AU31: 0x20[7] | AV31: PWRGD_FAIL_CPU1_AB_PLD | AW31: =MID(AW30,1,1) -> 1 | AX31: =MID(AX30,1,1) -> 1 | BA31: If any above doesn’t match the machine setup, please check the cable connections. | BJ31: 0x7E[0] | BK31: iPBREAK_EN_N | BL31: =MID(BL23,8,1) -> 1 | BM31: =MID(BM23,8,1) -> 1 | BQ31: 0x97[7:0] | BR31: Debug purpose to check CPLD sGPIO which is critical and will impact system boot up | BS31: =TEXT(0,"00000000") -> 00000000 | BT31: =Z11 -> 00000000 | BW31: 0xAA[7:0] | BX31: SGPIO Link good cnt (CPLD1-CPLD2) | BY31: >0 | BZ31: =AC12 -> 01100110 | CA31: =IF(BIN2DEC(BZ31)>0,"link stable","!!!!check CRC!!!") -> link stable | CC31: (09)00001001 | CD31: P12V_MAIN PWRGD
A32: a0: 4f 90 40 55 fc ff c0 00 03 00 66 00 9b 01 00 00 O?@U?.?.?.f.??.. | AU32: 0x20[6] | AV32: PWRGD_FAIL_CPU1_CD_PLD | AW32: =MID(AW30,2,1) -> 1 | AX32: =MID(AX30,2,1) -> 1 | BQ32: 0x97[7] | BR32: critical_ovr_all_or | BS32: 0 | BT32: =MID(BT31,1,1) -> 0 | BW32: 0xAB[7:0] | BX32: SGPIO Link CRC ERROR(CPLD1-PDB) | BY32: =TEXT(0,"00000000") -> 00000000 | BZ32: =AD12 -> 00000000 | CA32: =IF(BIN2DEC(BZ32)>0,"!!!!CRC ERROR!!!","link stable") -> link stable | CC32: (0A)00001010 | CD32: P3V3_MAIN PWRGD
A33: b0: 10 00 00 00 00 00 00 00 00 00 00 00 00 00 00 00 ?............... | AM33: Common info | AN33: EXP. | AO33: Data. | AP33: analyze | AU33: 0x20[5] | AV33: PWRGD_FAIL_CPU1_EF_PLD | AW33: =MID(AW30,3,1) -> 1 | AX33: =MID(AX30,3,1) -> 1 | BK33: Common info | BL33: EXP. | BM33: Data. | BN33: Analyze | BQ33: 0x97[6] | BR33: h_cpu_caterr_lvc1_n_ovr | BS33: 0 | BT33: =MID(BT31,2,1) -> 0 | BW33: 0xAC[7:0] | BX33: SGPIO Link good cnt(CPLD1-PDB) | BY33: >0 | BZ33: =AE12 -> 10011011 | CA33: =IF(BIN2DEC(BZ33)>0,"link stable","!!!!check CRC!!!") -> link stable | CC33: (0B)00001011 | CD33: PVCCFA_EHV_CPU1 PWRGD
A34: c0: 00 00 00 00 00 00 00 00 00 00 00 00 00 00 00 00 ................ | AM34: Standby VR EN /PWRGD | AU34: 0x20[4] | AV34: PWRGD_FAIL_CPU1_GH_PLD | AW34: =MID(AW30,4,1) -> 1 | AX34: =MID(AX30,4,1) -> 1 | BB34: Common info | BQ34: 0x97[5] | BR34: port1_rst_auth_n_ovr | BS34: 0 | BT34: =MID(BT31,3,1) -> 0 | BW34: 0xAD[7:0] | BX34: CXL_ThermalTrip_cut_power:'1',MCIO_PWR_EN Without change. '0',MCIO_PWR_EN push 0. | BY34: =TEXT(0,"00000001") -> 00000001 | BZ34: =AF12 -> 00000001 | CC34: (0C)00001100 | CD34: PVNN_MAIN_CPU1 PWRGD
A35: d0: 00 00 00 00 69 00 00 fe 00 00 00 00 00 00 00 00 ....i..?........ | AL35: 0x09[7:0] | AM35: VR enable signal | AN35: 11111111 | AO35: =TEXT(AB2,"00000000") -> 11111111 | AU35: 0x21[7:0] | AV35: CPU0 DRAM power good | AW35: =TEXT(11110000,"00000000") -> 11110000 | AX35: =TEXT(T4,"00000000") -> 11110000 | BB35: CXL (0X40-0X4F) | BC35: EXP. | BD35: Data. | BE35: Analyze | BJ35: 0x81[7:0] | BL35: =TEXT(0,"11001111") -> 11001111 | BM35: =T10 -> 11001111 | BQ35: 0x97[4] | BR35: 0 | BS35: 0 | BT35: =MID(BT31,4,1) -> 0 | BW35: 0xAD[2] | BX35: P12V_CXL_PG | BY35: 0 | BZ35: =MID(BZ34,6,1) -> 0 | CC35: (0D)00001101 | CD35: PWRGD_AUX_PWRGD_CPU1_PLD
A36: e0: 00 00 00 00 00 00 00 00 00 00 00 00 00 00 00 00 ................ | AL36: 0x09[7] | AM36: FM_PVCC3V3_AUX_CPU0_EN(S5) | AN36: 1 | AO36: =MID(AO35,1,1) -> 1 | AP36: =IF(AO36=0,"Check iCPU_AUX_EN","Pass") -> Pass | AU36: 0x21[7] | AV36: PWRGD_DRAMPWRGD_CPU0_AB_R_LVC3 | AW36: =MID(AW35,1,1) -> 1 | AX36: =MID(AX35,1,1) -> 1 | BA36: 0x40[7:0] | BB36: Indicate CXL devices reset control | BC36: =TEXT(10000000,"00000000") -> 10000000 | BD36: =S6 -> 10000000 | BJ36: 0x81[7] | BK36: iSMB_EXPANDER_RST_N | BL36: =MID(BL35,1,1) -> 1 | BM36: =MID(BM35,1,1) -> 1 | BQ36: 0x97[3] | BR36: h_cpu_rmca_lvc1_n_ovr | BS36: 0 | BT36: =MID(BT31,5,1) -> 0 | BW36: 0xAD[0] | BX36: CXL_ThermalTrip_cut_power:Default =1. | BY36: 1 | BZ36: =MID(BZ34,8,1) -> 1 | CC36: (0E)00001110 | CD36: PWRGD_PVCCD_HV_CPU0
A37: f0: 00 00 00 00 00 00 00 00 00 00 00 00 00 00 02 0a ..............?? | AL37: 0x09[6] | AM37: FM_PVCC3V3_AUX_CPU1_EN(S0) | AN37: 1 | AO37: =MID(AO35,2,1) -> 1 | AP37: =IF(AO37=0,"Check iCPU_AUX_EN","Pass") -> Pass | AU37: 0x21[6] | AV37: PWRGD_DRAMPWRGD_CPU0_CD_R_LVC3 | AW37: =MID(AW35,2,1) -> 1 | AX37: =MID(AX35,2,1) -> 1 | BA37: 0x40[7] | BB37: RST_CPU_PE_MCIO_PERST_N | BC37: =MID(BC36,1,1) -> 1 | BD37: =MID(BD36,1,1) -> 1 | BJ37: 0x81[6] | BK37: iRST_PCIE_SMB_N | BL37: =MID(BL35,2,1) -> 1 | BM37: =MID(BM35,2,1) -> 1 | BQ37: 0x97[2] | BR37: fm_cpu0_glb_rst_warn_pld_n_ovr | BS37: 0 | BT37: =MID(BT31,6,1) -> 0 | CC37: (0F)00001111 | CD37: PWRGD_PVCCD_HV_CPU1
AL38: 0x09[5] | AM38: FM_P1V8_AUX_EN_R(S5) | AN38: 1 | AO38: =MID(AO35,3,1) -> 1 | AU38: 0x21[5] | AV38: PWRGD_DRAMPWRGD_CPU0_EF_R_LVC3 | AW38: =MID(AW35,3,1) -> 1 | AX38: =MID(AX35,3,1) -> 1 | BJ38: 0x81[5] | BK38: 0 | BL38: =MID(BL35,3,1) -> 0 | BM38: =MID(BM35,3,1) -> 0 | BQ38: 0x97[1] | BR38: h_cpu0_mon_fail_pld_lvc1_n_ovr | BS38: 0 | BT38: =MID(BT31,7,1) -> 0 | BX38: Common info | BY38: EXP. | BZ38: Data. | CA38: Analyze | CC38: (10)00010000 | CD38: PWRGD_PVCCFA_EHV_FIVRA_CPU0
AL39: 0x09[4] | AM39: FM_P1V05_AUX_EN_R(S5) | AN39: 1 | AO39: =MID(AO35,4,1) -> 1 | AU39: 0x21[4] | AV39: PWRGD_DRAMPWRGD_CPU0_GH_R_LVC3 | AW39: =MID(AW35,4,1) -> 1 | AX39: =MID(AX35,4,1) -> 1 | BB39: Common info | BJ39: 0x81[4] | BK39: 0 | BL39: =MID(BL35,4,1) -> 0 | BM39: =MID(BM35,4,1) -> 0 | BQ39: 0x97[0] | BR39: h_cpu1_mon_fail_pld_lvc1_n_ovr | BS39: 0 | BT39: =MID(BT31,8,1) -> 0 | CC39: (11)00010001 | CD39: PWRGD_PVCCFA_EHV_FIVRA_CPU1
AL40: 0x09[3] | AM40: FM_P12V_EN_R(S0) | AN40: 1 | AO40: =MID(AO35,5,1) -> 1 | AU40: 0x22[7:0] | AV40: CPU1 DRAM power good | AW40: =TEXT(11110000,"00000000") -> 11110000 | AX40: =TEXT(U4,"00000000") -> 11110000 | BB40: CXL (0X40-0X4F) | BC40: EXP. | BD40: Data. | BE40: Analyze | BJ40: 0x81[3] | BK40: iFM_PWRBRK_N | BL40: =MID(BL35,5,1) -> 1 | BM40: =MID(BM35,5,1) -> 1 | BQ40: 0x98[7:0] | BR40: ??? | BS40: =TEXT(0,"00000000") -> 00000000 | BT40: =AA11 -> 00000000 | BW40: 0xD4[7:0] | BY40: =TEXT(0,"01101001") -> 01101001 | BZ40: =W15 -> 01101001 | CC40: (12)00010010 | CD40: PWRGD_PVCCINF_CPU0
AL41: 0x09[2] | AM41: FM_P3V3_EN_R(S0) | AN41: 1 | AO41: =MID(AO35,6,1) -> 1 | AU41: 0x22[7] | AV41: PWRGD_DRAMPWRGD_CPU1_AB_R_LVC3 | AW41: =MID(AW40,1,1) -> 1 | AX41: =MID(AX40,1,1) -> 1 | BA41: 0x50[7:0] | BB41: [7:4]M.2 EFUSE enable/[3:2]M.2 powergood/[1:0]Trigger M.2 SMBus alert | BC41: =TEXT(111111,"00000000") -> 00111111 | BD41: =S7 -> 00111111 | BJ41: 0x81[2] | BK41: iGLB_THROTTLE_R_N_S_All | BL41: =MID(BL35,6,1) -> 1 | BM41: =MID(BM35,6,1) -> 1 | BQ41: 0x98[7] | BR41: irq_bmc_smi_n_ovr | BS41: 0 | BT41: =MID(BT40,1,1) -> 0 | BW41: 0xD4[7] | BX41: iFM_BIOS_POST_CMPLT_BMC_N | BY41: =MID(BY40,1,1) -> 0 | BZ41: =MID(BZ40,1,1) -> 0 | CC41: (13)00010011 | CD41: PWRGD_PVCCINF_CPU1
AL42: 0x09[1] | AM42: FM_P12V_DIMM_CPU0_EN_R(S0) | AN42: 1 | AO42: =MID(AO35,7,1) -> 1 | AU42: 0x22[6] | AV42: PWRGD_DRAMPWRGD_CPU1_CD_R_LVC3 | AW42: =MID(AW40,2,1) -> 1 | AX42: =MID(AX40,2,1) -> 1 | BA42: 0x50[7] | BB42: P3V3_M2_S1_PLD_EN | BC42: =MID(BC41,1,1) -> 0 | BD42: =MID(BD41,1,1) -> 0 | BJ42: 0x81[1] | BK42: oFM_SYS_THROTTLE_N | BL42: =MID(BL35,7,1) -> 1 | BM42: =MID(BM35,7,1) -> 1 | BQ42: 0x98[6] | BR42: bmc_force_nm_throttle_n_ovr | BS42: 0 | BT42: =MID(BT40,2,1) -> 0 | BW42: 0xD4[6] | BX42: iA_P3V_BAT_SCALED_EN_N | BY42: =MID(BY40,2,1) -> 1 | BZ42: =MID(BZ40,2,1) -> 1 | CC42: (14)00010100 | CD42: PWRGD_PVCCIN_CPU0
AL43: 0x09[0] | AM43: FM_P12V_DIMM_CPU1_EN_R(S0) | AN43: 1 | AO43: =MID(AO35,8,1) -> 1 | AU43: 0x22[5] | AV43: PWRGD_DRAMPWRGD_CPU1_EF_R_LVC3 | AW43: =MID(AW40,3,1) -> 1 | AX43: =MID(AX40,3,1) -> 1 | BA43: 0x50[6] | BB43: P3V3_M2_S2_PLD_EN | BC43: =MID(BC41,2,1) -> 0 | BD43: =MID(BD41,2,1) -> 0 | BJ43: 0x81[0] | BK43: GLB_PWRBRK_R_N_S_All | BL43: =MID(BL35,8,1) -> 1 | BM43: =MID(BM35,8,1) -> 1 | BQ43: 0x98[5] | BR43: p0_err0_n_ovr | BS43: 0 | BT43: =MID(BT40,3,1) -> 0 | BW43: 0xD4[5] | BX43: iIRQ_CPLD_BMC_R_N | BY43: =MID(BY40,3,1) -> 1 | BZ43: =MID(BZ40,3,1) -> 1 | CC43: (15)00010101 | CD43: PWRGD_PVCCIN_CPU1
AL44: 0x0A[7:0] | AM44: PDB blade enable to BMC/CPLD & PWRGD signals to indicate specify power rail status | AN44: 11111110 | AO44: =TEXT(AC2,"00000000") -> 11111110 | AU44: 0x22[4] | AV44: PWRGD_DRAMPWRGD_CPU1_GH_R_LVC3 | AW44: =MID(AW40,4,1) -> 1 | AX44: =MID(AX40,4,1) -> 1 | BA44: 0x50[5] | BB44: PWRGD_M2_S1 | BC44: =MID(BC41,3,1) -> 1 | BD44: =MID(BD41,3,1) -> 1 | BQ44: 0x98[4] | BR44: p0_err1_n_ovr | BS44: 0 | BT44: =MID(BT40,4,1) -> 0 | BW44: 0xD4[4] | BX44: iRST_BMC_RTCRST_R | BY44: =MID(BY40,4,1) -> 0 | BZ44: =MID(BZ40,4,1) -> 0 | CC44: (16)00010110 | CD44: PWRGD_S0_PWROK_CPU0
AL45: 0x0A[7] | AM45: PDB_BLADE_EN_N | AN45: 1 | AO45: =MID(AO44,1,1) -> 1 | BA45: 0x50[4] | BB45: PWRGD_M2_S2 | BC45: =MID(BC41,4,1) -> 1 | BD45: =MID(BD41,4,1) -> 1 | BK45: Common info | BL45: EXP. | BM45: Data. | BN45: Analyze | BQ45: 0x98[3] | BR45: p0_err2_n_ovr | BS45: 0 | BT45: =MID(BT40,5,1) -> 0 | BW45: 0xD4[3] | BX45: iFM_BMC_EDAF_3V3_SEL | BY45: =MID(BY40,5,1) -> 1 | BZ45: =MID(BZ40,5,1) -> 1 | CC45: (17)00010111 | CD45: PWRGD_S0_PWROK_CPU1
AL46: 0x0A[6] | AM46: PWRGD_P3V3_AUX_R1(S5) | AN46: 1 | AO46: =MID(AO44,2,1) -> 1 | AV46: Common info | BA46: 0x50[3] | BB46: PWRGD_P3V3_M2_S1 | BC46: =MID(BC41,5,1) -> 1 | BD46: =MID(BD41,5,1) -> 1 | BQ46: 0x98[2] | BR46: p0_memtrip_n_ovr | BS46: 0 | BT46: =MID(BT40,6,1) -> 0 | BW46: 0xD4[2] | BX46: iFM_SPD_SWITCH_CTRL_N | BY46: =MID(BY40,6,1) -> 0 | BZ46: =MID(BZ40,6,1) -> 0 | CC46: (18)00011000 | CD46: CPU0_REFCLK_RDY
AL47: 0x0A[5] | AM47: PWRGD_P1V8_AUX_R(S5) | AN47: 1 | AO47: =MID(AO44,3,1) -> 1 | AV47: CPU Reset | AW47: EXP. | AX47: Data. | AY47: Analyze | BA47: 0x50[2] | BB47: PWRGD_P3V3_M2_S2 | BC47: =MID(BC41,6,1) -> 1 | BD47: =MID(BD41,6,1) -> 1 | BJ47: 0x84[7:0] | BL47: =TEXT(0,"11100000") -> 11100000 | BM47: =W10 -> 11100000 | BQ47: 0x98[1] | BR47: p0_pwrgd_ovr | BS47: 0 | BT47: =MID(BT40,7,1) -> 0 | BW47: 0xD4[1] | BX47: 0 | BY47: =MID(BY40,7,1) -> 0 | BZ47: =MID(BZ40,7,1) -> 0 | CC47: (19)00011001 | CD47: CPU1_REFCLK_RDY
AL48: 0x0A[4] | AM48: PWRGD_P1V05_AUX_R(S5) | AN48: 1 | AO48: =MID(AO44,4,1) -> 1 | AU48: 0x25[7:0] | AW48: =TEXT(11100000,"00000000") -> 11100000 | AX48: =TEXT(X4,"00000000") -> 11100000 | BA48: 0x50[1] | BB48: SMB_M2_S1_ALERT_N | BC48: =MID(BC41,7,1) -> 1 | BD48: =MID(BD41,7,1) -> 1 | BJ48: 0x84[7] | BK48: iHSC_GPIO1_CPLD_N | BL48: =MID(BL47,1,1) -> 1 | BM48: =MID(BM47,1,1) -> 1 | BQ48: 0x98[0] | BR48: p1_memtrip_n_ovr | BS48: 0 | BT48: =MID(BT40,8,1) -> 0 | BW48: 0xD4[0] | BX48: rLED2_BMC_CPLD_N | BY48: =MID(BY40,8,1) -> 1 | BZ48: =MID(BZ40,8,1) -> 1 | CC48: (FF)11111111 | CD48: RST_PLTRST, system on.
AL49: 0x0A[3] | AM49: PWRGD_P3V3_MAIN_R(PWRGD_P3V3) | AN49: 1 | AO49: =MID(AO44,5,1) -> 1 | AU49: 0x25[7] | AV49: CPU0 send platform reset to CPLD | AW49: =MID(AW48,1,1) -> 1 | AX49: =MID(AX48,1,1) -> 1 | BA49: 0x50[0] | BB49: SMB_M2_S2_ALERT_N | BC49: =MID(BC41,8,1) -> 1 | BD49: =MID(BD41,8,1) -> 1 | BJ49: 0x84[6] | BK49: iHSC_GPIO2_CPLD_N | BL49: =MID(BL47,2,1) -> 1 | BM49: =MID(BM47,2,1) -> 1 | BQ49: 0x99 | BR49: ??? | BS49: =TEXT(0,"00000000") -> 00000000 | BT49: =AB11 -> 00000000
AL50: 0x0A[2] | AM50: PWRGD_P12V_AUX_R | AN50: 1 | AO50: =MID(AO44,6,1) -> 1 | AU50: 0x25[6] | AV50: RST_CPU0_RESET_R_N(CPLD to reset CPU0) | AW50: =MID(AW48,2,1) -> 1 | AX50: =MID(AX48,2,1) -> 1 | BA50: 0x51[7:0] | BB50: M.2 devices PERST# | BC50: =TEXT(11000000,"00000000") -> 11000000 | BD50: =T7 -> 11000000 | BJ50: 0x84[5] | BK50: iIRQ_HSC_FAULT_N | BL50: =MID(BL47,3,1) -> 1 | BM50: =MID(BM47,3,1) -> 1 | BQ50: 0x99[7] | BR50: Bit 7 : p1_sktocc_n_ovr | BS50: 0 | BT50: =MID(BT49,1,1) -> 0 | BX50: Common info | BY50: EXP. | BZ50: Data. | CA50: Analyze
AL51: 0x0A[1] | AM51: PWRGD_P12V_SCM | AN51: 1 | AO51: =MID(AO44,7,1) -> 1 | AU51: 0x25[5] | AV51: RST_CPU1_RESET_R_N(CPLD to reset CPU1) | AW51: =MID(AW48,3,1) -> 1 | AX51: =MID(AX48,3,1) -> 1 | BA51: 0x50[7] | BB51: RST_M2_S1_PERST_N | BC51: =MID(BC50,1,1) -> 1 | BD51: =MID(BD50,1,1) -> 1 | BQ51: 0x99[6] | BR51: Bit 6 : p1_thermtrip_n_ovr | BS51: 0 | BT51: =MID(BT49,2,1) -> 0
BA52: 0x50[6] | BB52: RST_M2_S2_PERST_N | BC52: =MID(BC50,2,1) -> 1 | BD52: =MID(BD50,2,1) -> 1 | BK52: Common info | BL52: EXP. | BM52: Data. | BN52: Analyze | BQ52: 0x99[5] | BR52: Bit 5 : p1_pwrgd_ovr | BS52: 0 | BT52: =MID(BT49,3,1) -> 0 | BW52: 0xD7[7:0] | BY52: =TEXT(0,"11111110") -> 11111110 | BZ52: =Z15 -> 11111110
AM53: Common info | AN53: EXP. | AO53: Data. | AP53: analyze | AV53: Common info | BQ53: 0x99[4] | BR53: Bit 4 : slps4_s5_n_ovr | BS53: 0 | BT53: =MID(BT49,4,1) -> 0 | BW53: 0xD7[7] | BX53: iPORT1_RST_N | BY53: =MID(BY52,1,1) -> 1 | BZ53: =MID(BZ52,1,1) -> 1
AM54: Power/Reset Button or SLPS Status or P12V PWRGD or P12V PWRGD Fail | AV54: FAN-Related | AW54: EXP. | AX54: Data. | AY54: Analyze | BB54: Common info | BJ54: 0x87[7:0] | BL54: =TEXT(0,"01000000") -> 01000000 | BM54: =Z10 -> 11000000 | BQ54: 0x99[3] | BR54: Bit 3 : fm_slps3_n_ovr | BS54: 0 | BT54: =MID(BT49,5,1) -> 0 | BW54: 0xD7[6] | BX54: 1 | BY54: =MID(BY52,2,1) -> 1 | BZ54: =MID(BZ52,2,1) -> 1
AL55: 0x0D[7:0] | AN55: 11111100 | AO55: =TEXT(AF2,"00000000") -> 11111100 | AU55: 0x2D[7:0] | AW55: =TEXT(11,"00000000") -> 00000011 | AX55: =TEXT(AF4,"00000000") -> 00000011 | BB55: CLK Ready or CLK Buffer PWRGD (0x60) | BC55: EXP. | BD55: Data. | BE55: Analyze | BJ55: 0x87[7] | BK55: iJTAG_BMC_PLD_NRST_N | BL55: =MID(BL54,1,1) -> 0 | BM55: =MID(BM54,1,1) -> 1 | BN55: Don't care | BQ55: 0x99[2] | BR55: Bit 2 : pwrgd_pch_bmc_pwrok_ovr | BS55: 0 | BT55: =MID(BT49,6,1) -> 0 | BW55: 0xD7[5] | BX55: 1 | BY55: =MID(BY52,3,1) -> 1 | BZ55: =MID(BZ52,3,1) -> 1
AL56: 0x0D[7] | AM56: Power button signal to CPU | AN56: 1 | AO56: =MID(AO55,1,1) -> 1 | AU56: 0x2D[1] | AV56: rP3V3_M2_PLD_EN[2] | AW56: =MID(AW55,7,1) -> 1 | AX56: =MID(AX55,7,1) -> 1 | BA56: 0x60[7:0] | BB56: [7:6]CPU inform REFCLK to CPLD/[5]CLKBUF power good | BC56: =TEXT(11100000,"00000000") -> 11100000 | BD56: =S8 -> 11100000 | BJ56: 0x87[6] | BK56: iJTAG_BMC_PLD_SRST_N | BL56: =MID(BL54,2,1) -> 1 | BM56: =MID(BM54,2,1) -> 1 | BN56: Don't care | BQ56: 0x99[1] | BR56: Bit 1 : bmc_rsmrst_r_n_ovr | BS56: 0 | BT56: =MID(BT49,7,1) -> 0 | BW56: 0xD7[4] | BX56: 1 | BY56: =MID(BY52,4,1) -> 1 | BZ56: =MID(BZ52,4,1) -> 1
AL57: 0x0D[6] | AM57: Reset button signal to CPU | AN57: 1 | AO57: =MID(AO55,2,1) -> 1 | AU57: 0x2D[0] | AV57: rP3V3_M2_PLD_EN[1] | AW57: =MID(AW55,8,1) -> 1 | AX57: =MID(AX55,8,1) -> 1 | BA57: 0x60[7] | BB57: FM_CPU0_REFCLK_RDY_PLD | BC57: =MID(BC56,1,1) -> 1 | BD57: =MID(BD56,1,1) -> 1 | BQ57: 0x99[0] | BR57: Bit 0 : bmc_srst_n_ovr | BS57: 0 | BT57: =MID(BT49,8,1) -> 0 | BW57: 0xD7[3] | BX57: 1 | BY57: =MID(BY52,5,1) -> 1 | BZ57: =MID(BZ52,5,1) -> 1
AL58: 0x0D[5] | AM58: SLPS4 from CPU | AN58: 1 | AO58: =MID(AO55,3,1) -> 1 | AU58: 0x2E[7:0] | AV58: rP12V_ES_EN | AW58: don't care | AX58: =P4 -> 0f | BA58: 0x60[6] | BB58: FM_CPU1_REFCLK_RDY_PLD | BC58: =MID(BC56,2,1) -> 1 | BD58: =MID(BD56,2,1) -> 1 | BQ58: 0x9A | BS58: =TEXT(0,"00000000") -> 00000000 | BT58: =AC11 -> 00000000 | BW58: 0xD7[2] | BX58: 1 | BY58: =MID(BY52,6,1) -> 1 | BZ58: =MID(BZ52,6,1) -> 1
AL59: 0x0D[4] | AM59: SLPS3 from CPU | AN59: 1 | AO59: =MID(AO55,4,1) -> 1 | BA59: 0x60[5] | BB59: FM_CLKBUF_PWRGD_EN_R | BC59: =MID(BC56,3,1) -> 1 | BD59: =MID(BD56,3,1) -> 1 | BQ59: 0x9A[7] | BR59: Bit 7 : irq_pch_nmi_ovr | BS59: =MID(BS58,1,1) -> 0 | BT59: =MID(BT58,1,1) -> 0 | BW59: 0xD7[1] | BX59: 1 | BY59: =MID(BY52,7,1) -> 1 | BZ59: =MID(BZ52,7,1) -> 1
AL60: 0x0D[3] | AM60: P12V fail reset input | AN60: 1 | AO60: =MID(AO55,5,1) -> 1 | BB60: HPM/SCM common signals (0x63-0x65) | BQ60: 0x9A[6] | BR60: Bit 6 : pfail_12v_bmc_n_ovr | BS60: =MID(BS58,2,1) -> 0 | BT60: =MID(BT58,2,1) -> 0 | BW60: 0xD7[0] | BX60: iLED_BOOT_READY_N | BY60: =MID(BY52,8,1) -> 0 | BZ60: =MID(BZ52,8,1) -> 0
AL61: 0x0D[2] | AM61: Power good signal to indicate P12_MAIN_R status | AN61: 1 | AO61: =MID(AO55,6,1) -> 1 | BA61: 0x63[7:0] | BC61: =TEXT(0,"00000000") -> 00000000 | BD61: =T8 -> 00000000 | BQ61: 0x9A[5] | BR61: Bit 5 : cd_init_error0_ovr | BS61: =MID(BS58,3,1) -> 0 | BT61: =MID(BT58,3,1) -> 0
AM62: Main VR PWRGD/EN | BA62: 0x63[7] | BB62: Power Botton - SYS_PWRBTN_R_N | BC62: =MID(BC61,1,1) -> 0 | BD62: =MID(BD61,1,1) -> 0 | BQ62: 0x9A[4] | BR62: Bit 4 : cd_init_error1_ovr | BS62: =MID(BS58,4,1) -> 0 | BT62: =MID(BT58,4,1) -> 0 | BX62: Common info | BY62: EXP. | BZ62: Data. | CA62: Analyze
AL63: 0x10[7:0] | AM63: Enable specify VR power output | AN63: 11111111 | AO63: =TEXT(S3,"00000000") -> 11111111 | BA63: 0x63[6] | BB63: SCM CPLD feeds into HPM CPLD RSMRST# logic - HPM_STBY_RST_N | BC63: =MID(BC61,2,1) -> 0 | BD63: =MID(BD61,2,1) -> 0 | BQ63: 0x9A[3] | BR63: Bit 3 : hsc_pgood_ovr | BS63: =MID(BS58,5,1) -> 0 | BT63: =MID(BT58,5,1) -> 0 | BX63: Miscellaneous (0xF0-0xFF)
AL64: 0x10[7] | AM64: FM_PVCCD0_HV_CPU0_EN_R | AN64: 1 | AO64: =MID(AO63,1,1) -> 1 | BA64: 0x63[5] | BB64: Platform Reset Signal to SCM CPLD - RST_PLTRST_PLD_B_N | BC64: =MID(BC61,3,1) -> 0 | BD64: =MID(BD61,3,1) -> 0 | BQ64: 0x9A[2] | BR64: Bit 2 : bmc_rstbtn_out_n_ovr | BS64: =MID(BS58,6,1) -> 0 | BT64: =MID(BT58,6,1) -> 0 | BW64: 0xFD | BX64: AUX Version | BZ64: =O17 -> 00
AL65: 0x10[6] | AM65: FM_PVCCD1_HV_CPU0_EN_R | AN65: 1 | AO65: =MID(AO63,2,1) -> 1 | BA65: 0x63[4] | BB65: Indicate system power is OK - HPM_STBY_RDY | BC65: =MID(BC61,4,1) -> 0 | BD65: =MID(BD61,4,1) -> 0 | BQ65: 0x9A[1] | BR65: Bit 1 : irq_bmc_nmi_ovr | BS65: =MID(BS58,7,1) -> 0 | BT65: =MID(BT58,7,1) -> 0 | BW65: 0xFE | BX65: Major Version | BZ65: =P17 -> 02
AL66: 0x10[5] | AM66: FM_PVCCFA_EHV_CPU0_EN_R | AN66: 1 | AO66: =MID(AO63,3,1) -> 1 | BA66: 0x63[3] | BB66: Inform SCM CPLD that HPM standby power ready - HPM_STBY_RDY | BC66: =MID(BC61,5,1) -> 0 | BD66: =MID(BD61,5,1) -> 0 | BQ66: 0x9A[0] | BR66: Bit 0 : lpc_enable_r_n_ovr | BS66: =MID(BS58,8,1) -> 0 | BT66: =MID(BT58,8,1) -> 0 | BW66: 0xFF | BX66: Minor Version | BZ66: =Q17 -> 0a
AL67: 0x10[4] | AM67: FM_PVCCFA_EHV_FIVRA_CPU0_EN_R | AN67: 1 | AO67: =MID(AO63,4,1) -> 1 | BA67: 0x63[2] | BB67: SCM CPLD to enable HPM standby power - HPM_STBY_EN | BC67: =MID(BC61,6,1) -> 0 | BD67: =MID(BD61,6,1) -> 0 | BQ67: 0x9B | BS67: =TEXT(0,"00000000") -> 00000000 | BT67: =AD11 -> 00000000
AL68: 0x10[3] | AM68: FM_PVCCIN_CPU0_EN_R | AN68: 1 | AO68: =MID(AO63,5,1) -> 1 | BA68: 0x63[1] | BB68: SPARE0 for reserved - SPARE0 | BC68: =MID(BC61,7,1) -> 0 | BD68: =MID(BD61,7,1) -> 0 | BQ68: 0x9B[7] | BR68: Bit 7 : fm_bmc_ready_n_ovr | BS68: =MID(BS67,1,1) -> 0 | BT68: =MID(BT67,1,1) -> 0
AL69: 0x10[2] | AM69: FM_PVCCINF_CPU0_EN_R | AN69: 1 | AO69: =MID(AO63,6,1) -> 1 | BA69: 0x63[0] | BB69: SPARE1 for reserved - SPARE1 | BC69: =MID(BC61,8,1) -> 0 | BD69: =MID(BD61,8,1) -> 0 | BQ69: 0x9B[6] | BR69: Bit 6 : bmc_rsmrst_out_ovr | BS69: =MID(BS67,2,1) -> 0 | BT69: =MID(BT67,2,1) -> 0
AL70: 0x10[1] | AM70: FM_PVNN_MAIN_CPU0_EN_R | AN70: 1 | AO70: =MID(AO63,7,1) -> 1 | BB70: ADR/Alert/IRQ/Hot (0x66-0x6F) | BQ70: 0x9B[5] | BR70: Bit 5 : fm_bmc_onctl_n_ovr | BS70: =MID(BS67,3,1) -> 0 | BT70: =MID(BT67,3,1) -> 0
AL71: 0x10[0] | AM71: FM_S5_PWR_RETAINED_CPU0_PLD | AN71: 1 | AO71: =MID(AO63,8,1) -> 1 | BA71: 0x66[7:0] | BC71: =TEXT(1100111,"00000000") -> 01100111 | BD71: =Y8 -> 01100111 | BQ71: 0x9B[4] | BR71: Bit 4 : fm_bmc_cpu_fbrk_out_r_n_ovr | BS71: =MID(BS67,4,1) -> 0 | BT71: =MID(BT67,4,1) -> 0
AL72: 0x11[7:0] | AN72: 11000000 | AO72: =TEXT(T3,"00000000") -> 11000000 | BA72: 0x66[7] | BB72: [Reserved] Indicate ADR is complete - FM_ADR_COMPLETE_PLD | BC72: =MID(BC71,1,1) -> 0 | BD72: =MID(BD71,1,1) -> 0 | BQ72: 0x9B[3] | BR72: Bit 3 : Reserved as '0' | BS72: =MID(BS67,5,1) -> 0 | BT72: =MID(BT67,5,1) -> 0
AL73: 0x11[7] | AM73: A PWRGD signal from CPLD to inform CPU0 | AN73: 1 | AO73: =MID(AO72,1,1) -> 1 | BA73: 0x66[6] | BB73: [Reserved] CPLD send ADR_trigger to CPU - FM_CPU0_ADR_TRIGGER_PLD_N | BC73: =MID(BC71,2,1) -> 1 | BD73: =MID(BD71,2,1) -> 1 | BQ73: 0x9B[2] | BR73: Bit 2 : Reserved as '0' | BS73: =MID(BS67,6,1) -> 0 | BT73: =MID(BT67,6,1) -> 0
AL74: 0x11[6] | AM74: Indicate when all the S0 power rails are fully energized and within specification to CPU1 | AN74: 1 | AO74: =MID(AO72,2,1) -> 1 | BA74: 0x66[5] | BB74: [Reserved] NVDIMM-SW second source of SMI output to PCH - FM_ADR_SMI_GPIO_R_N | BC74: =MID(BC71,3,1) -> 1 | BD74: =MID(BD71,3,1) -> 1 | BQ74: 0x9B[1] | BR74: Bit 1 : Reserved as '0' | BS74: =MID(BS67,7,1) -> 0 | BT74: =MID(BT67,7,1) -> 0
AL75: 0x12[7:0] | AN75: 11111110 | AO75: =TEXT(U3,"00000000") -> 11111110 | BA75: 0x66[4] | BB75: NMI trigger to CPU0 - H_CPU0_NMI_LVC1_R | BC75: =MID(BC71,4,1) -> 0 | BD75: =MID(BD71,4,1) -> 0 | BQ75: 0x9B[0] | BR75: Bit 0 : Reserved as '0' | BS75: =MID(BS67,8,1) -> 0 | BT75: =MID(BT67,8,1) -> 0
AL76: 0x12[7] | AM76: FM_PVCCD0_HV_CPU1_EN_R | AN76: 1 | AO76: =MID(AO75,1,1) -> 1 | BA76: 0x66[3] | BB76: NMI trigger to CPU1 - H_CPU1_NMI_LVC1_R | BC76: =MID(BC71,5,1) -> 0 | BD76: =MID(BD71,5,1) -> 0 | BQ76: 0x9C | BR76: Debug purpose to check CPLD sGPIO which doesn't impact system boot up but will get warning event | BS76: =TEXT(10000000,"00000000") -> 10000000 | BT76: =AE11 -> 10000000
AL77: 0x12[6] | AM77: FM_PVCCD1_HV_CPU1_EN_R | AN77: 1 | AO77: =MID(AO75,2,1) -> 1 | BA77: 0x66[2] | BB77: CPU caterr to CPLD - H_CPU_CATERR_LVC1_N | BC77: =MID(BC71,6,1) -> 1 | BD77: =MID(BD71,6,1) -> 1 | BQ77: 0x9C[7] | BR77: Bit 7 : warn_ovr_all_or | BS77: =MID(BS76,1,1) -> 1 | BT77: =MID(BT76,1,1) -> 1
AL78: 0x12[5] | AM78: FM_PVCCFA_EHV_CPU1_EN_R | AN78: 1 | AO78: =MID(AO75,3,1) -> 1 | BA78: 0x66[1] | BB78: RMCA event from CPU - H_CPU_RMCA_LVC1_N | BC78: =MID(BC71,7,1) -> 1 | BD78: =MID(BD71,7,1) -> 1 | BQ78: 0x9C[6] | BR78: Bit 6 : fm_throttle_in_n_ovr | BS78: =MID(BS76,2,1) -> 0 | BT78: =MID(BT76,2,1) -> 0
AL79: 0x12[4] | AM79: FM_PVCCFA_EHV_FIVRA_CPU1_EN_R | AN79: 1 | AO79: =MID(AO75,4,1) -> 1 | BA79: 0x66[0] | BB79: Error0 event from CPU - H_CPU_ERR0_LVC1_N | BC79: =MID(BC71,8,1) -> 1 | BD79: =MID(BD71,8,1) -> 1 | BQ79: 0x9C[5] | BR79: Bit 5 : pcie_pwrbrk_n_ovr | BS79: =MID(BS76,3,1) -> 0 | BT79: =MID(BT76,3,1) -> 0
AL80: 0x12[3] | AM80: FM_PVCCIN_CPU1_EN_R | AN80: 1 | AO80: =MID(AO75,5,1) -> 1 | BA80: 0x67[7:0] | BC80: =TEXT(11111001,"00000000") -> 11111001 | BD80: =Z8 -> 11111001 | BQ80: 0x9C[4] | BR80: Bit 4 : bmc_pwrcap_n_ovr | BS80: =MID(BS76,4,1) -> 0 | BT80: =MID(BT76,4,1) -> 0
AL81: 0x12[2] | AM81: FM_PVCCINF_CPU1_EN_R | AN81: 1 | AO81: =MID(AO75,6,1) -> 1 | BA81: 0x67[7] | BB81: Error1eventfromCPU-H_CPU_ERR1_LVC1_N | BC81: =MID(BC80,1,1) -> 1 | BD81: =MID(BD80,1,1) -> 1 | BQ81: 0x9C[3] | BR81: Bit 3 : bmc_pwrdn_alert_n_ovr | BS81: =MID(BS76,5,1) -> 0 | BT81: =MID(BT76,5,1) -> 0
AL82: 0x12[1] | AM82: FM_PVNN_MAIN_CPU1_EN_R | AN82: 1 | AO82: =MID(AO75,7,1) -> 1 | BA82: 0x67[6] | BB82: Error2eventfromCPU-H_CPU_ERR2_LVC1_N | BC82: =MID(BC80,2,1) -> 1 | BD82: =MID(BD80,2,1) -> 1 | BQ82: 0x9C[2] | BR82: Bit 2 : bmc_force_nm_throttle_n_ovr | BS82: =MID(BS76,6,1) -> 0 | BT82: =MID(BT76,6,1) -> 0
AL83: 0x12[0] | AM83: FM_S5_PWR_RETAINED_CPU1_PLD | AN83: 0 | AO83: =MID(AO75,8,1) -> 0 | BA83: 0x67[5] | BB83: CPUinformFIVReventtoCPLD-H_CPU0_MON_FAIL_PLD_LVC1_N | BC83: =MID(BC80,3,1) -> 1 | BD83: =MID(BD80,3,1) -> 1 | BQ83: 0x9C[1] | BR83: Bit 1 : p0_mem_vrhot_n_ovr | BS83: =MID(BS76,7,1) -> 0 | BT83: =MID(BT76,7,1) -> 0
AL84: 0x13[7:0] | AN84: 11000000 | AO84: =TEXT(V3,"00000000") -> 11000000 | BA84: 0x67[4] | BB84: CPUinformFIVReventtoCPLD-H_CPU1_MON_FAIL_PLD_LVC1_N- | BC84: =MID(BC80,4,1) -> 1 | BD84: =MID(BD80,4,1) -> 1 | BQ84: 0x9C[0] | BR84: Bit 0 : p0_memhot_out_n_ovr | BS84: =MID(BS76,8,1) -> 0 | BT84: =MID(BT76,8,1) -> 0
AL85: 0x13[7] | AM85: A PWRGD signal from CPLD to inform CPU1 | AN85: 1 | AO85: =MID(AO84,1,1) -> 1 | BA85: 0x67[3] | BB85: GivenoticeofanimpendingglobalresettoCPLD-FM_CPU0_GLB_RST_WARN_PLD_N | BC85: =MID(BC80,5,1) -> 1 | BD85: =MID(BD80,5,1) -> 1 | BQ85: 0x9D | BS85: =TEXT(0,"00000000") -> 00000000 | BT85: =AF11 -> 00000000
AL86: 0x13[6] | AM86: Indicate when all the S0 power rails are fully energized and within specification to CPU1 | AN86: 1 | AO86: =MID(AO84,2,1) -> 1 | BA86: 0x67[2] | BB86: CPUindicateCD_INIT_ERROR-CPU0_CD_INIT_ERROR | BC86: =MID(BC80,6,1) -> 0 | BD86: =MID(BD80,6,1) -> 0 | BQ86: 0x9D[7] | BR86: Bit 7 : p0_prochot_n_ovr | BS86: =MID(BS85,1,1) -> 0 | BT86: =MID(BT85,1,1) -> 0
AL87: 0x14[7:0] | AM87: Indicate when all the CPU0 power rails are fully | AN87: 11111111 | AO87: =TEXT(W3,"00000000") -> 11111111 | BA87: 0x67[1] | BB87: CPUindicateCD_INIT_ERROR-CPU1_CD_INIT_ERROR | BC87: =MID(BC80,7,1) -> 0 | BD87: =MID(BD80,7,1) -> 0 | BQ87: 0x9D[6] | BR87: Bit 6 : p0_vrhot_n_ovr | BS87: =MID(BS85,2,1) -> 0 | BT87: =MID(BT85,2,1) -> 0
AL88: 0x14[7] | AM88: PWRGD_AUX_PWRGD_CPU0_PLD | AN88: =MID(AN87,1,1) -> 1 | AO88: =MID(AO87,1,1) -> 1 | BA88: 0x67[0] | BB88: Indicateasystemthrottleeventisactivated-FM_SYS_THROTTLE_PLD_N | BC88: =MID(BC80,8,1) -> 1 | BD88: =MID(BD80,8,1) -> 1 | BQ88: 0x9D[5] | BR88: Bit 5 : pdb_alert1_n_ovr | BS88: =MID(BS85,3,1) -> 0 | BT88: =MID(BT85,3,1) -> 0
AL89: 0x14[6] | AM89: PWRGD_PVCCD0_HV_CPU0_R | AN89: =MID(AN87,2,1) -> 1 | AO89: =MID(AO87,2,1) -> 1 | BA89: 0x68[7:0] | BC89: =TEXT(11111111,"00000000") -> 11111111 | BD89: =AA8 -> 11111111 | BQ89: 0x9D[4] | BR89: Bit 4 : pdb_alert2_n_ovr | BS89: =MID(BS85,4,1) -> 0 | BT89: =MID(BT85,4,1) -> 0
AL90: 0x14[5] | AM90: PWRGD_PVCCD1_HV_CPU0_R | AN90: =MID(AN87,3,1) -> 1 | AO90: =MID(AO87,3,1) -> 1 | BA90: 0x68[7] | BB90: CPUthermtriptoCPLD-H_CPU0_THERMTRIP_LVC1_N | BC90: =MID(BC89,1,1) -> 1 | BD90: =MID(BD89,1,1) -> 1 | BF90: loc="P5" | BQ90: 0x9D[3] | BR90: Bit 3 : p1_mem_vrhot_n_ovr | BS90: =MID(BS85,5,1) -> 0 | BT90: =MID(BT85,5,1) -> 0
AL91: 0x14[4] | AM91: PWRGD_PVCCFA_EHV_CPU0_R | AN91: =MID(AN87,4,1) -> 1 | AO91: =MID(AO87,4,1) -> 1 | BA91: 0x68[6] | BB91: CPUthermtriptoCPLD-H_CPU1_THERMTRIP_LVC1_N | BC91: =MID(BC89,2,1) -> 1 | BD91: =MID(BD89,2,1) -> 1 | BF91: loc="A7" | BQ91: 0x9D[2] | BR91: Bit 2 : p1_memhot_out_n_ovr | BS91: =MID(BS85,6,1) -> 0 | BT91: =MID(BT85,6,1) -> 0
AL92: 0x14[3] | AM92: PWRGD_PVCCFA_EHV_FIVRA_CPU0_R | AN92: =MID(AN87,5,1) -> 1 | AO92: =MID(AO87,5,1) -> 1 | BA92: 0x68[5] | BB92: CPUMEMTRIPtoCPLD-H_CPU0_MEMTRIP_LVC1_N | BC92: =MID(BC89,3,1) -> 1 | BD92: =MID(BD89,3,1) -> 1 | BF92: loc="B13" | BQ92: 0x9D[1] | BR92: Bit 1 : p1_prochot_n_ovr | BS92: =MID(BS85,7,1) -> 0 | BT92: =MID(BT85,7,1) -> 0
AL93: 0x14[2] | AM93: PWRGD_PVCCIN_CPU0_R | AN93: =MID(AN87,6,1) -> 1 | AO93: =MID(AO87,6,1) -> 1 | BA93: 0x68[4] | BB93: CPUMEMTRIPtoCPLD-H_CPU1_MEMTRIP_LVC1_N | BC93: =MID(BC89,4,1) -> 1 | BD93: =MID(BD89,4,1) -> 1 | BF93: loc="A13" | BQ93: 0x9D[0] | BR93: Bit 0 : p1_vrhot_n_ovr | BS93: =MID(BS85,8,1) -> 0 | BT93: =MID(BT85,8,1) -> 0
AL94: 0x14[1] | AM94: PWRGD_PVCCINF_CPU0_R | AN94: =MID(AN87,7,1) -> 1 | AO94: =MID(AO87,7,1) -> 1 | BA94: 0x68[3] | BB94: CPUpowerVRHOT-IRQ_CPU0_VRHOT_N | BC94: =MID(BC89,5,1) -> 1 | BD94: =MID(BD89,5,1) -> 1 | BF94: loc="C20" | BQ94: 0x9E | BS94: =TEXT(1,"00000000") -> 00000001 | BT94: =AG11 -> 00000001
AL95: 0x14[0] | AM95: PWRGD_PVNN_MAIN_CPU0_R | AN95: =MID(AN87,8,1) -> 1 | AO95: =MID(AO87,8,1) -> 1 | BA95: 0x68[2] | BB95: CPUpowerVRHOT-IRQ_CPU1_VRHOT_N | BC95: =MID(BC89,6,1) -> 1 | BD95: =MID(BD89,6,1) -> 1 | BF95: loc="F18" | BQ95: 0x9E[7] | BR95: Bit 7 : hsc_alert1_n_ovr | BS95: =MID(BS94,1,1) -> 0 | BT95: =MID(BT94,1,1) -> 0
AL96: 0x15[7:0] | AM96: Indicate when all the CPU1 power rails are fully | AN96: 11111111 | AO96: =TEXT(X3,"00000000") -> 11111111 | BA96: 0x68[1] | BB96: PROCHOTeventtoCPU-H_CPU0_PROCHOT_LVC1_R_N | BC96: =MID(BC89,7,1) -> 1 | BD96: =MID(BD89,7,1) -> 1 | BF96: loc="F1" | BQ96: 0x9E[6] | BR96: Bit 6 : hsc_alert2_n_ovr | BS96: =MID(BS94,2,1) -> 0 | BT96: =MID(BT94,2,1) -> 0
AL97: 0x15[7] | AM97: PWRGD_AUX_PWRGD_CPU1_PLD | AN97: =MID(AN96,1,1) -> 1 | AO97: =MID(AO96,1,1) -> 1 | BA97: 0x68[0] | BB97: PROCHOTeventtoCPU-H_CPU1_PROCHOT_LVC1_R_N | BC97: =MID(BC89,8,1) -> 1 | BD97: =MID(BD89,8,1) -> 1 | BF97: loc="U7" | BQ97: 0x9E[5] | BR97: Bit 5 : oc_alert_n_ovr | BS97: =MID(BS94,3,1) -> 0 | BT97: =MID(BT94,3,1) -> 0
AL98: 0x15[6] | AM98: PWRGD_PVCCD0_HV_CPU1_R | AN98: =MID(AN96,2,1) -> 1 | AO98: =MID(AO96,2,1) -> 1 | BA98: 0x69[7:0] | BC98: =TEXT(11111111,"00000000") -> 11111111 | BD98: =AB8 -> 11111111 | BQ98: 0x9E[4] | BR98: Bit 4 : uv_alert_n_ovr | BS98: =MID(BS94,4,1) -> 0 | BT98: =MID(BT94,4,1) -> 0
AL99: 0x15[5] | AM99: PWRGD_PVCCD1_HV_CPU1_R | AN99: =MID(AN96,3,1) -> 1 | AO99: =MID(AO96,3,1) -> 1 | BA99: 0x69[7] | BB99: CPUMEMpowerVRHOT-IRQ_CPU0_MEM_VRHOT_N | BC99: =MID(BC98,1,1) -> 1 | BD99: =MID(BD98,1,1) -> 1 | BF99: loc="N6" | BQ99: 0x9E[3] | BR99: Bit 3 : psu1_alert_n_ovr | BS99: =MID(BS94,5,1) -> 0 | BT99: =MID(BT94,5,1) -> 0
AL100: 0x15[4] | AM100: PWRGD_PVCCFA_EHV_CPU1_R | AN100: =MID(AN96,4,1) -> 1 | AO100: =MID(AO96,4,1) -> 1 | BA100: 0x69[6] | BB100: CPUMEMpowerVRHOT-IRQ_CPU1_MEM_VRHOT_N | BC100: =MID(BC98,2,1) -> 1 | BD100: =MID(BD98,2,1) -> 1 | BF100: loc="D17" | BQ100: 0x9E[2] | BR100: Bit 2 : irq_hsc_fault_n_ovr | BS100: =MID(BS94,6,1) -> 0 | BT100: =MID(BT94,6,1) -> 0
...

Sheet CPLD2 reg
A1: LOG | B1: 0 | C1: 1 | D1: 2 | E1: 3 | F1: 4 | G1: 5 | H1: 6 | I1: 7 | J1: 8 | K1: 9 | L1: A | M1: B | N1: C | O1: D | P1: E | Q1: F | S1: 0 | T1: 1 | U1: 2 | V1: 3 | W1: 4 | X1: 5 | Y1: 6 | Z1: 7 | AA1: 8 | AB1: 9 | AC1: A | AD1: B | AE1: C | AF1: D | AG1: E | AH1: F
A2: 0 | B2: =MID($A22,5,2) -> 00 | C2: =MID($A22,8,2) -> 05 | D2: =MID($A22,11,2) -> 10 | E2: =MID($A22,14,2) -> 0c | F2: =MID($A22,17,2) -> 01 | G2: =MID($A22,20,2) -> 00 | H2: =MID($A22,23,2) -> 00 | I2: =MID($A22,26,2) -> 00 | J2: =MID($A22,29,2) -> 00 | K2: =MID($A22,32,2) -> 00 | L2: =MID($A22,35,2) -> 00 | M2: =MID($A22,38,2) -> 00 | N2: =MID($A22,41,2) -> 00 | O2: =MID($A22,44,2) -> 00 | P2: =MID($A22,47,2) -> 00 | Q2: =MID($A22,50,2) -> 00 | S2: =TEXT(HEX2BIN(B2),"00000000") -> 00000000 | T2: =TEXT(HEX2BIN(C2),"00000000") -> 00000101 | U2: =TEXT(HEX2BIN(D2),"00000000") -> 00010000 | V2: =TEXT(HEX2BIN(E2),"00000000") -> 00001100 | W2: =TEXT(HEX2BIN(F2),"00000000") -> 00000001 | X2: =TEXT(HEX2BIN(G2),"00000000") -> 00000000 | Y2: =TEXT(HEX2BIN(H2),"00000000") -> 00000000 | Z2: =TEXT(HEX2BIN(I2),"00000000") -> 00000000 | ... AH2: =TEXT(HEX2BIN(Q2),"00000000") -> 00000000 | AX2: Detail
A3: 10 | B3: =MID($A23,5,2) -> 00 | C3: =MID($A23,8,2) -> 00 | D3: =MID($A23,11,2) -> 00 | E3: =MID($A23,14,2) -> 00 | F3: =MID($A23,17,2) -> 00 | G3: =MID($A23,20,2) -> 00 | H3: =MID($A23,23,2) -> 00 | I3: =MID($A23,26,2) -> 00 | J3: =MID($A23,29,2) -> 00 | K3: =MID($A23,32,2) -> 00 | L3: =MID($A23,35,2) -> 00 | M3: =MID($A23,38,2) -> 00 | N3: =MID($A23,41,2) -> 00 | O3: =MID($A23,44,2) -> 00 | P3: =MID($A23,47,2) -> 00 | Q3: =MID($A23,50,2) -> 00 | S3: =TEXT(HEX2BIN(B3),"00000000") -> 00000000 | T3: =TEXT(HEX2BIN(C3),"00000000") -> 00000000 | U3: =TEXT(HEX2BIN(D3),"00000000") -> 00000000 | V3: =TEXT(HEX2BIN(E3),"00000000") -> 00000000 | W3: =TEXT(HEX2BIN(F3),"00000000") -> 00000000 | X3: =TEXT(HEX2BIN(G3),"00000000") -> 00000000 | Y3: =TEXT(HEX2BIN(H3),"00000000") -> 00000000 | Z3: =TEXT(HEX2BIN(I3),"00000000") -> 00000000 | ... AH3: =TEXT(HEX2BIN(Q3),"00000000") -> 00000000 | AM3: Common info | AZ3: Common info | BC3: EXP. | BD3: Data. | BJ3: Common info | BM3: EXP. | BN3: Data.
A4: 20 | B4: =MID($A24,5,2) -> 00 | C4: =MID($A24,8,2) -> 00 | D4: =MID($A24,11,2) -> 00 | E4: =MID($A24,14,2) -> 00 | F4: =MID($A24,17,2) -> 00 | G4: =MID($A24,20,2) -> ff | H4: =MID($A24,23,2) -> 00 | I4: =MID($A24,26,2) -> ff | J4: =MID($A24,29,2) -> 00 | K4: =MID($A24,32,2) -> f0 | L4: =MID($A24,35,2) -> ff | M4: =MID($A24,38,2) -> 00 | N4: =MID($A24,41,2) -> f0 | O4: =MID($A24,44,2) -> f0 | P4: =MID($A24,47,2) -> 0f | Q4: =MID($A24,50,2) -> 00 | S4: =TEXT(HEX2BIN(B4),"00000000") -> 00000000 | T4: =TEXT(HEX2BIN(C4),"00000000") -> 00000000 | U4: =TEXT(HEX2BIN(D4),"00000000") -> 00000000 | V4: =TEXT(HEX2BIN(E4),"00000000") -> 00000000 | W4: =TEXT(HEX2BIN(F4),"00000000") -> 00000000 | X4: =TEXT(HEX2BIN(G4),"00000000") -> 11111111 | Y4: =TEXT(HEX2BIN(H4),"00000000") -> 00000000 | Z4: =TEXT(HEX2BIN(I4),"00000000") -> 11111111 | ... AH4: =TEXT(HEX2BIN(Q4),"00000000") -> 00000000 | AM4: CPU/Board ID | AP4: EXP. | AQ4: Data. | AR4: Analyze | AY4: 0x26 [7:4] | AZ4: CPLD informs BMC about E1.S hot-plug action | BC4: =AP14 -> 1111 | BD4: =AQ14 -> 0000 | BI4: 0x34 [7:4] | BJ4: BMC_E1S_PERST_CTRL_N | BM4: =AP29 -> 1111 | BN4: =AQ29 -> 1111
A5: 30 | B5: =MID($A25,5,2) -> 01 | C5: =MID($A25,8,2) -> 00 | D5: =MID($A25,11,2) -> f7 | E5: =MID($A25,14,2) -> f0 | F5: =MID($A25,17,2) -> f0 | G5: =MID($A25,20,2) -> 00 | H5: =MID($A25,23,2) -> 00 | I5: =MID($A25,26,2) -> 00 | J5: =MID($A25,29,2) -> 00 | K5: =MID($A25,32,2) -> 00 | L5: =MID($A25,35,2) -> 00 | M5: =MID($A25,38,2) -> 00 | N5: =MID($A25,41,2) -> 00 | O5: =MID($A25,44,2) -> 00 | P5: =MID($A25,47,2) -> 04 | Q5: =MID($A25,50,2) -> 06 | S5: =TEXT(HEX2BIN(B5),"00000000") -> 00000001 | T5: =TEXT(HEX2BIN(C5),"00000000") -> 00000000 | U5: =TEXT(HEX2BIN(D5),"00000000") -> 11110111 | V5: =TEXT(HEX2BIN(E5),"00000000") -> 11110000 | W5: =TEXT(HEX2BIN(F5),"00000000") -> 11110000 | X5: =TEXT(HEX2BIN(G5),"00000000") -> 00000000 | Y5: =TEXT(HEX2BIN(H5),"00000000") -> 00000000 | Z5: =TEXT(HEX2BIN(I5),"00000000") -> 00000000 | ... AH5: =TEXT(HEX2BIN(Q5),"00000000") -> 00000110 | AL5: 0x01 [3:2] | AM5: {CPU1_LEGACY_SKT_R,CPU0_LEGACY_SKT_R} | AP5: 01 | AQ5: =MID($T2,5,2) -> 01 | AY5: 0x26 [7] | AZ5: ES1_INTR_N | BC5: =MID($BC4,1,1) -> 1 | BD5: =MID($BD4,1,1) -> 0 | BI5: 0x34 [7] | BJ5: BMC_E1S_PERST_CTRL_N1 | BM5: =MID($BC4,1,1) -> 1 | BN5: =MID($BD4,1,1) -> 0
A6: 40 | B6: =MID($A26,5,2) -> 10 | C6: =MID($A26,8,2) -> 00 | D6: =MID($A26,11,2) -> 00 | E6: =MID($A26,14,2) -> 00 | F6: =MID($A26,17,2) -> 00 | G6: =MID($A26,20,2) -> 00 | H6: =MID($A26,23,2) -> 00 | I6: =MID($A26,26,2) -> 00 | J6: =MID($A26,29,2) -> 00 | K6: =MID($A26,32,2) -> 00 | L6: =MID($A26,35,2) -> 00 | M6: =MID($A26,38,2) -> 00 | N6: =MID($A26,41,2) -> 00 | O6: =MID($A26,44,2) -> 00 | P6: =MID($A26,47,2) -> 00 | Q6: =MID($A26,50,2) -> 00 | S6: =TEXT(HEX2BIN(B6),"00000000") -> 00010000 | T6: =TEXT(HEX2BIN(C6),"00000000") -> 00000000 | U6: =TEXT(HEX2BIN(D6),"00000000") -> 00000000 | V6: =TEXT(HEX2BIN(E6),"00000000") -> 00000000 | W6: =TEXT(HEX2BIN(F6),"00000000") -> 00000000 | X6: =TEXT(HEX2BIN(G6),"00000000") -> 00000000 | Y6: =TEXT(HEX2BIN(H6),"00000000") -> 00000000 | Z6: =TEXT(HEX2BIN(I6),"00000000") -> 00000000 | ... AH6: =TEXT(HEX2BIN(Q6),"00000000") -> 00000000 | AL6: 0x01 [0] | AM6: CPU0_FRMAGENT_R | AP6: 1 | AQ6: =MID($T2,8,1) -> 1 | AY6: 0x26 [6] | AZ6: ES2_INTR_N | BC6: =MID($BC4,2,1) -> 1 | BD6: =MID($BD4,3,1) -> 0 | BI6: 0x34 [6] | BJ6: BMC_E1S_PERST_CTRL_N2 | BM6: =MID($BC4,2,1) -> 1 | BN6: =MID($BD4,3,1) -> 0
A7: 50 | B7: =MID($A27,5,2) -> 00 | C7: =MID($A27,8,2) -> 00 | D7: =MID($A27,11,2) -> 00 | E7: =MID($A27,14,2) -> 00 | F7: =MID($A27,17,2) -> 00 | G7: =MID($A27,20,2) -> 00 | H7: =MID($A27,23,2) -> 00 | I7: =MID($A27,26,2) -> 00 | J7: =MID($A27,29,2) -> 00 | K7: =MID($A27,32,2) -> 00 | L7: =MID($A27,35,2) -> 00 | M7: =MID($A27,38,2) -> 00 | N7: =MID($A27,41,2) -> 00 | O7: =MID($A27,44,2) -> 00 | P7: =MID($A27,47,2) -> 00 | Q7: =MID($A27,50,2) -> 00 | S7: =TEXT(HEX2BIN(B7),"00000000") -> 00000000 | T7: =TEXT(HEX2BIN(C7),"00000000") -> 00000000 | U7: =TEXT(HEX2BIN(D7),"00000000") -> 00000000 | V7: =TEXT(HEX2BIN(E7),"00000000") -> 00000000 | W7: =TEXT(HEX2BIN(F7),"00000000") -> 00000000 | X7: =TEXT(HEX2BIN(G7),"00000000") -> 00000000 | Y7: =TEXT(HEX2BIN(H7),"00000000") -> 00000000 | Z7: =TEXT(HEX2BIN(I7),"00000000") -> 00000000 | ... AH7: =TEXT(HEX2BIN(Q7),"00000000") -> 00000000 | AL7: 0x02 [6:5] | AM7: {CPU1_SCOKET_ID2_R,CPU1_SCOKET_ID1_R} | AP7: 00 | AQ7: =MID($U2,2,2) -> 00 | AY7: 0x26 [5] | AZ7: ES3_INTR_N | BC7: =MID($BC4,3,1) -> 1 | BD7: =MID($BD4,3,1) -> 0 | BI7: 0x34 [5] | BJ7: BMC_E1S_PERST_CTRL_N3 | BM7: =MID($BC4,3,1) -> 1 | BN7: =MID($BD4,3,1) -> 0
A8: 60 | B8: =MID($A28,5,2) -> 00 | C8: =MID($A28,8,2) -> 00 | D8: =MID($A28,11,2) -> 00 | E8: =MID($A28,14,2) -> 00 | F8: =MID($A28,17,2) -> 00 | G8: =MID($A28,20,2) -> 00 | H8: =MID($A28,23,2) -> 00 | I8: =MID($A28,26,2) -> 00 | J8: =MID($A28,29,2) -> 00 | K8: =MID($A28,32,2) -> 00 | L8: =MID($A28,35,2) -> 00 | M8: =MID($A28,38,2) -> 00 | N8: =MID($A28,41,2) -> 00 | O8: =MID($A28,44,2) -> 00 | P8: =MID($A28,47,2) -> 00 | Q8: =MID($A28,50,2) -> 00 | S8: =TEXT(HEX2BIN(B8),"00000000") -> 00000000 | T8: =TEXT(HEX2BIN(C8),"00000000") -> 00000000 | U8: =TEXT(HEX2BIN(D8),"00000000") -> 00000000 | V8: =TEXT(HEX2BIN(E8),"00000000") -> 00000000 | W8: =TEXT(HEX2BIN(F8),"00000000") -> 00000000 | X8: =TEXT(HEX2BIN(G8),"00000000") -> 00000000 | Y8: =TEXT(HEX2BIN(H8),"00000000") -> 00000000 | Z8: =TEXT(HEX2BIN(I8),"00000000") -> 00000000 | ... AH8: =TEXT(HEX2BIN(Q8),"00000000") -> 00000000 | AL8: 0x02 [2:1] | AM8: {CPU0_SCOKET_ID2_R,CPU0_SCOKET_ID1_R} | AP8: 00 | AQ8: =MID($U5,7,2) -> 11 | AY8: 0x26 [4] | AZ8: ES4_INTR_N | BC8: =MID($BC4,4,1) -> 1 | BD8: =MID($BD4,4,1) -> 0 | BI8: 0x34 [4] | BJ8: BMC_E1S_PERST_CTRL_N4 | BM8: =MID($BC4,4,1) -> 1 | BN8: =MID($BD4,4,1) -> 0
A9: 70 | B9: =MID($A29,5,2) -> 00 | C9: =MID($A29,8,2) -> 00 | D9: =MID($A29,11,2) -> 00 | E9: =MID($A29,14,2) -> 00 | F9: =MID($A29,17,2) -> 00 | G9: =MID($A29,20,2) -> 00 | H9: =MID($A29,23,2) -> 00 | I9: =MID($A29,26,2) -> 00 | J9: =MID($A29,29,2) -> 00 | K9: =MID($A29,32,2) -> 00 | L9: =MID($A29,35,2) -> 00 | M9: =MID($A29,38,2) -> 00 | N9: =MID($A29,41,2) -> 00 | O9: =MID($A29,44,2) -> 00 | P9: =MID($A29,47,2) -> 00 | Q9: =MID($A29,50,2) -> 00 | S9: =TEXT(HEX2BIN(B9),"00000000") -> 00000000 | T9: =TEXT(HEX2BIN(C9),"00000000") -> 00000000 | U9: =TEXT(HEX2BIN(D9),"00000000") -> 00000000 | V9: =TEXT(HEX2BIN(E9),"00000000") -> 00000000 | W9: =TEXT(HEX2BIN(F9),"00000000") -> 00000000 | X9: =TEXT(HEX2BIN(G9),"00000000") -> 00000000 | Y9: =TEXT(HEX2BIN(H9),"00000000") -> 00000000 | Z9: =TEXT(HEX2BIN(I9),"00000000") -> 00000000 | ... AH9: =TEXT(HEX2BIN(Q9),"00000000") -> 00000000 | AL9: 0x03 [6:4] | AM9: {SKU_ID0,SKU_ID1,SKU_ID2} | AP9: 000 | AQ9: =MID($V2,2,3) -> 000 | AT9: Mode ID:
A10: 80 | B10: =MID($A30,5,2) -> 00 | C10: =MID($A30,8,2) -> 00 | D10: =MID($A30,11,2) -> 00 | E10: =MID($A30,14,2) -> 00 | F10: =MID($A30,17,2) -> 00 | G10: =MID($A30,20,2) -> 00 | H10: =MID($A30,23,2) -> 00 | I10: =MID($A30,26,2) -> 00 | J10: =MID($A30,29,2) -> 00 | K10: =MID($A30,32,2) -> 00 | L10: =MID($A30,35,2) -> 00 | M10: =MID($A30,38,2) -> 00 | N10: =MID($A30,41,2) -> 00 | O10: =MID($A30,44,2) -> 00 | P10: =MID($A30,47,2) -> 00 | Q10: =MID($A30,50,2) -> 00 | S10: =TEXT(HEX2BIN(B10),"00000000") -> 00000000 | T10: =TEXT(HEX2BIN(C10),"00000000") -> 00000000 | U10: =TEXT(HEX2BIN(D10),"00000000") -> 00000000 | V10: =TEXT(HEX2BIN(E10),"00000000") -> 00000000 | W10: =TEXT(HEX2BIN(F10),"00000000") -> 00000000 | X10: =TEXT(HEX2BIN(G10),"00000000") -> 00000000 | Y10: =TEXT(HEX2BIN(H10),"00000000") -> 00000000 | Z10: =TEXT(HEX2BIN(I10),"00000000") -> 00000000 | ... AH10: =TEXT(HEX2BIN(Q10),"00000000") -> 00000000 | AL10: 0x03 [3:2] | AM10: MODE ID | AP10: 11 | AQ10: =MID($V2,5,2) -> 11 | AR10: =IF(AQ10="00","2S",IF(AQ10="01","8S",IF(AQ10="10","!!!D2ScheckFRU!!!",IF(AQ10="11","4S","ERR")))) -> 4S | AT10: 2'b00 / 2'b10 | AU10: 2S
A11: 90 | B11: =MID($A31,5,2) -> 00 | C11: =MID($A31,8,2) -> 00 | D11: =MID($A31,11,2) -> 00 | E11: =MID($A31,14,2) -> 00 | F11: =MID($A31,17,2) -> 00 | G11: =MID($A31,20,2) -> 00 | H11: =MID($A31,23,2) -> 00 | I11: =MID($A31,26,2) -> 00 | J11: =MID($A31,29,2) -> 00 | K11: =MID($A31,32,2) -> 00 | L11: =MID($A31,35,2) -> 00 | M11: =MID($A31,38,2) -> 00 | N11: =MID($A31,41,2) -> 00 | O11: =MID($A31,44,2) -> 00 | P11: =MID($A31,47,2) -> 00 | Q11: =MID($A31,50,2) -> 00 | S11: =TEXT(HEX2BIN(B11),"00000000") -> 00000000 | T11: =TEXT(HEX2BIN(C11),"00000000") -> 00000000 | U11: =TEXT(HEX2BIN(D11),"00000000") -> 00000000 | V11: =TEXT(HEX2BIN(E11),"00000000") -> 00000000 | W11: =TEXT(HEX2BIN(F11),"00000000") -> 00000000 | X11: =TEXT(HEX2BIN(G11),"00000000") -> 00000000 | Y11: =TEXT(HEX2BIN(H11),"00000000") -> 00000000 | Z11: =TEXT(HEX2BIN(I11),"00000000") -> 00000000 | ... AH11: =TEXT(HEX2BIN(Q11),"00000000") -> 00000000 | AL11: 0x03 [1:0] | AM11: NODE ID | AP11: 00 | AQ11: =MID($V2,7,2) -> 00 | AR11: =IF(AQ11="00","SLED0",IF(AQ11="01","SLED1",IF(AQ11="10","SLED2",IF(AQ11="11","SLED3","ERR")))) -> SLED0 | AT11: 2'b11 | AU11: 4S
A12: a0 | B12: =MID($A32,5,2) -> 00 | C12: =MID($A32,8,2) -> 00 | D12: =MID($A32,11,2) -> 00 | E12: =MID($A32,14,2) -> 00 | F12: =MID($A32,17,2) -> 00 | G12: =MID($A32,20,2) -> 80 | H12: =MID($A32,23,2) -> 00 | I12: =MID($A32,26,2) -> 1c | J12: =MID($A32,29,2) -> 00 | K12: =MID($A32,32,2) -> 19 | L12: =MID($A32,35,2) -> 19 | M12: =MID($A32,38,2) -> 01 | N12: =MID($A32,41,2) -> 00 | O12: =MID($A32,44,2) -> 00 | P12: =MID($A32,47,2) -> 00 | Q12: =MID($A32,50,2) -> 03 | S12: =TEXT(HEX2BIN(B12),"00000000") -> 00000000 | T12: =TEXT(HEX2BIN(C12),"00000000") -> 00000000 | U12: =TEXT(HEX2BIN(D12),"00000000") -> 00000000 | V12: =TEXT(HEX2BIN(E12),"00000000") -> 00000000 | W12: =TEXT(HEX2BIN(F12),"00000000") -> 00000000 | X12: =TEXT(HEX2BIN(G12),"00000000") -> 10000000 | Y12: =TEXT(HEX2BIN(H12),"00000000") -> 00000000 | Z12: =TEXT(HEX2BIN(I12),"00000000") -> 00011100 | ... AH12: =TEXT(HEX2BIN(Q12),"00000000") -> 00000011 | AL12: 0x04 [0] | AM12: FM_I3C_CDP_ENABLE_R_N | AP12: 1 | AQ12: =MID($W2,8,1) -> 1 | AT12: 2'b01 | AU12: 8S
A13: b0 | B13: =MID($A33,5,2) -> 00 | C13: =MID($A33,8,2) -> 00 | D13: =MID($A33,11,2) -> 00 | E13: =MID($A33,14,2) -> 00 | F13: =MID($A33,17,2) -> 00 | G13: =MID($A33,20,2) -> 00 | H13: =MID($A33,23,2) -> 00 | I13: =MID($A33,26,2) -> 00 | J13: =MID($A33,29,2) -> 00 | K13: =MID($A33,32,2) -> 00 | L13: =MID($A33,35,2) -> 00 | M13: =MID($A33,38,2) -> 00 | N13: =MID($A33,41,2) -> 00 | O13: =MID($A33,44,2) -> 00 | P13: =MID($A33,47,2) -> 00 | Q13: =MID($A33,50,2) -> 00 | S13: =TEXT(HEX2BIN(B13),"00000000") -> 00000000 | T13: =TEXT(HEX2BIN(C13),"00000000") -> 00000000 | U13: =TEXT(HEX2BIN(D13),"00000000") -> 00000000 | V13: =TEXT(HEX2BIN(E13),"00000000") -> 00000000 | W13: =TEXT(HEX2BIN(F13),"00000000") -> 00000000 | X13: =TEXT(HEX2BIN(G13),"00000000") -> 00000000 | Y13: =TEXT(HEX2BIN(H13),"00000000") -> 00000000 | Z13: =TEXT(HEX2BIN(I13),"00000000") -> 00000000 | ... AH13: =TEXT(HEX2BIN(Q13),"00000000") -> 00000000 | AM13: E1.S EN/PWRGD/PRSNT/ATTN LED/PERST/ALERT/INTR | AZ13: Common info | BC13: EXP. | BD13: Data. | BJ13: Common info | BM13: EXP. | BN13: Data.
A14: c0 | B14: =MID($A34,5,2) -> 00 | C14: =MID($A34,8,2) -> 00 | D14: =MID($A34,11,2) -> 00 | E14: =MID($A34,14,2) -> 00 | F14: =MID($A34,17,2) -> 00 | G14: =MID($A34,20,2) -> 00 | H14: =MID($A34,23,2) -> 00 | I14: =MID($A34,26,2) -> 00 | J14: =MID($A34,29,2) -> 00 | K14: =MID($A34,32,2) -> 00 | L14: =MID($A34,35,2) -> 00 | M14: =MID($A34,38,2) -> 00 | N14: =MID($A34,41,2) -> 00 | O14: =MID($A34,44,2) -> 00 | P14: =MID($A34,47,2) -> 00 | Q14: =MID($A34,50,2) -> 00 | S14: =TEXT(HEX2BIN(B14),"00000000") -> 00000000 | T14: =TEXT(HEX2BIN(C14),"00000000") -> 00000000 | U14: =TEXT(HEX2BIN(D14),"00000000") -> 00000000 | V14: =TEXT(HEX2BIN(E14),"00000000") -> 00000000 | W14: =TEXT(HEX2BIN(F14),"00000000") -> 00000000 | X14: =TEXT(HEX2BIN(G14),"00000000") -> 00000000 | Y14: =TEXT(HEX2BIN(H14),"00000000") -> 00000000 | Z14: =TEXT(HEX2BIN(I14),"00000000") -> 00000000 | ... AH14: =TEXT(HEX2BIN(Q14),"00000000") -> 00000000 | AL14: 0x26 [7:4] | AM14: CPLD informs BMC about E1.S hot-plug action | AP14: 1111 | AQ14: =MID($Y4,1,4) -> 0000 | AT14: Node ID: | AY14: 0x27 [7:4] | AZ14: Indicate E1.S P12V enable for Esx | BC14: =AP15 -> 0000 | BD14: =AQ15 -> 1111 | BI14: 0x35 [7:4] | BJ14: SSD_INTR_N_CTR | BM14: =AP30 -> 0000 | BN14: =AQ30 -> 0000
A15: d0 | B15: =MID($A35,5,2) -> 00 | C15: =MID($A35,8,2) -> 00 | D15: =MID($A35,11,2) -> 00 | E15: =MID($A35,14,2) -> 00 | F15: =MID($A35,17,2) -> 00 | G15: =MID($A35,20,2) -> 00 | H15: =MID($A35,23,2) -> 00 | I15: =MID($A35,26,2) -> 00 | J15: =MID($A35,29,2) -> 00 | K15: =MID($A35,32,2) -> 00 | L15: =MID($A35,35,2) -> 00 | M15: =MID($A35,38,2) -> 00 | N15: =MID($A35,41,2) -> 00 | O15: =MID($A35,44,2) -> 00 | P15: =MID($A35,47,2) -> 00 | Q15: =MID($A35,50,2) -> 00 | S15: =TEXT(HEX2BIN(B15),"00000000") -> 00000000 | T15: =TEXT(HEX2BIN(C15),"00000000") -> 00000000 | U15: =TEXT(HEX2BIN(D15),"00000000") -> 00000000 | V15: =TEXT(HEX2BIN(E15),"00000000") -> 00000000 | W15: =TEXT(HEX2BIN(F15),"00000000") -> 00000000 | X15: =TEXT(HEX2BIN(G15),"00000000") -> 00000000 | Y15: =TEXT(HEX2BIN(H15),"00000000") -> 00000000 | Z15: =TEXT(HEX2BIN(I15),"00000000") -> 00000000 | ... AH15: =TEXT(HEX2BIN(Q15),"00000000") -> 00000000 | AL15: 0x27 [7:4] | AM15: Indicate E1.S P12V enable for Esx | AP15: 0000 | AQ15: =MID($Z4,1,4) -> 1111 | AT15: 2'b00 | AU15: SLED0 | AY15: 0x27 [7] | AZ15: ES1_INTR_NP12V_ES1_WE | BC15: =MID($BC14,1,1) -> 0 | BD15: =MID($BD14,1,1) -> 1 | BI15: 0x35 [7] | BJ15: SSD_INTR_N_CLR1 | BM15: =MID($BC14,1,1) -> 0 | BN15: =MID($BD14,1,1) -> 1
A16: e0 | B16: =MID($A36,5,2) -> 00 | C16: =MID($A36,8,2) -> 00 | D16: =MID($A36,11,2) -> 00 | E16: =MID($A36,14,2) -> 00 | F16: =MID($A36,17,2) -> 00 | G16: =MID($A36,20,2) -> 00 | H16: =MID($A36,23,2) -> 00 | I16: =MID($A36,26,2) -> 00 | J16: =MID($A36,29,2) -> 00 | K16: =MID($A36,32,2) -> 00 | L16: =MID($A36,35,2) -> 00 | M16: =MID($A36,38,2) -> 00 | N16: =MID($A36,41,2) -> 00 | O16: =MID($A36,44,2) -> 00 | P16: =MID($A36,47,2) -> 00 | Q16: =MID($A36,50,2) -> 00 | S16: =TEXT(HEX2BIN(B16),"00000000") -> 00000000 | T16: =TEXT(HEX2BIN(C16),"00000000") -> 00000000 | U16: =TEXT(HEX2BIN(D16),"00000000") -> 00000000 | V16: =TEXT(HEX2BIN(E16),"00000000") -> 00000000 | W16: =TEXT(HEX2BIN(F16),"00000000") -> 00000000 | X16: =TEXT(HEX2BIN(G16),"00000000") -> 00000000 | Y16: =TEXT(HEX2BIN(H16),"00000000") -> 00000000 | Z16: =TEXT(HEX2BIN(I16),"00000000") -> 00000000 | ... AH16: =TEXT(HEX2BIN(Q16),"00000000") -> 00000000 | AL16: 0x28 [7:4] | AM16: Indicate E1.S present status for Esx | AP16: 1111 | AQ16: =MID($AA4,1,4) -> 0000 | AT16: 2'b01 | AU16: SLED1 | AY16: 0x27 [6] | AZ16: ES2_INTR_NP12V_ES2_WE | BC16: =MID($BC14,2,1) -> 0 | BD16: =MID($BD14,3,1) -> 1 | BI16: 0x35 [6] | BJ16: SSD_INTR_N_CLR2 | BM16: =MID($BC14,2,1) -> 0 | BN16: =MID($BD14,3,1) -> 1
A17: f0 | B17: =MID($A37,5,2) -> 00 | C17: =MID($A37,8,2) -> 00 | D17: =MID($A37,11,2) -> 00 | E17: =MID($A37,14,2) -> 00 | F17: =MID($A37,17,2) -> 00 | G17: =MID($A37,20,2) -> 00 | H17: =MID($A37,23,2) -> 00 | I17: =MID($A37,26,2) -> 00 | J17: =MID($A37,29,2) -> 00 | K17: =MID($A37,32,2) -> 00 | L17: =MID($A37,35,2) -> 00 | M17: =MID($A37,38,2) -> 00 | N17: =MID($A37,41,2) -> 00 | O17: =MID($A37,44,2) -> 00 | P17: =MID($A37,47,2) -> 02 | Q17: =MID($A37,50,2) -> 08 | S17: =TEXT(HEX2BIN(B17),"00000000") -> 00000000 | T17: =TEXT(HEX2BIN(C17),"00000000") -> 00000000 | U17: =TEXT(HEX2BIN(D17),"00000000") -> 00000000 | V17: =TEXT(HEX2BIN(E17),"00000000") -> 00000000 | W17: =TEXT(HEX2BIN(F17),"00000000") -> 00000000 | X17: =TEXT(HEX2BIN(G17),"00000000") -> 00000000 | Y17: =TEXT(HEX2BIN(H17),"00000000") -> 00000000 | Z17: =TEXT(HEX2BIN(I17),"00000000") -> 00000000 | ... AH17: =TEXT(HEX2BIN(Q17),"00000000") -> 00001000 | AL17: 0x29 [7:4] | AM17: A signal for CPLD to enable power rail P3V3_AUX_Esx | AP17: 0000 | AQ17: =MID($AB4,1,4) -> 1111 | AT17: 2'b10 | AU17: SLED2 | AY17: 0x27 [5] | AZ17: ES2_INTR_NP12V_ES3_WE | BC17: =MID($BC14,3,1) -> 0 | BD17: =MID($BD14,3,1) -> 1 | BI17: 0x35 [5] | BJ17: SSD_INTR_N_CLR3 | BM17: =MID($BC14,3,1) -> 0 | BN17: =MID($BD14,3,1) -> 1
AL18: 0x2A [7:4] | AM18: Enable power rail P12V_Esx | AP18: 0000 | AQ18: =MID($AC4,1,4) -> 1111 | AT18: 2'b11 | AU18: SLED3 | AY18: 0x27 [4] | AZ18: ES2_INTR_NP12V_ES4_WE | BC18: =MID($BC14,4,1) -> 0 | BD18: =MID($BD14,4,1) -> 1 | BI18: 0x35 [4] | BJ18: SSD_INTR_N_CLR4 | BM18: =MID($BC14,4,1) -> 0 | BN18: =MID($BD14,4,1) -> 1
AL19: 0x2B [7:4] | AM19: E1.S powergood for Esx | AP19: 1111 | AQ19: =MID($AD4,1,4) -> 0000
A20: Paste LOG Here ( i2cdump -y -a -f 5 0x31 ) | AL20: 0x2C [7:4] | AM20: E1.S powergood for Esx | AP20: 0000 | AQ20: =MID($AE4,1,4) -> 1111
A21: 0 1 2 3 4 5 6 7 8 9 a b c d e f 0123456789abcdef | AL21: 0x2D [7:4] | AM21: Enable power rail P3V3_AUX_ES_EN | AP21: 0000 | AQ21: =MID($AF4,1,4) -> 1111
A22: 00: 00 05 10 0c 01 00 00 00 00 00 00 00 00 00 00 00 .????........... | AL22: 0x2E [7:4] | AM22: E1.S PERST# | AP22: 0000 | AQ22: =MID($AG4,1,4) -> 0000
A23: 10: 00 00 00 00 00 00 00 00 00 00 00 00 00 00 00 00 ................ | AL23: 0x2F [7:0] | AM23: Behavior of E1.S Amber LED | AP23: 0000 | AQ23: =MID($AH4,1,4) -> 0000 | AZ23: Common info | BC23: EXP. | BD23: Data. | BJ23: Common info | BM23: EXP. | BN23: Data.
A24: 20: 00 00 00 00 00 ff 00 ff 00 f0 ff 00 f0 f0 0f 00 .........?..???. | AL24: 0x30 [1] | AM24: FM_P12V_CXL_EN | AP24: 0 | AQ24: =MID($S5,7,1) -> 0 | AY24: 0x28 [7:4] | AZ24: Indicate E1.S present status for Esx | BC24: =AP16 -> 1111 | BD24: =AQ16 -> 0000 | BI24: 0x3B [7:0] | BJ24: SLED2 E1S FAULT and LOC Status | BM24: =AP32 -> 00000000 | BN24: =AQ32 -> 00000000
A25: 30: 01 00 f7 f0 f0 00 00 00 00 00 00 00 00 00 04 06 ?.???.........?? | AL25: 0x30 [0] | AM25: E1S_power_control_path | AP25: 0 | AQ25: =MID($V10,8,1) -> 0 | AY25: 0x28 [7] | AZ25: PRSNT_ES1_R_N | BC25: =MID($BC24,1,1) -> 1 | BD25: =MID($BD24,1,1) -> 0 | BI25: 0x3B [7] | BJ25: Bit4 of E1S FAULT on SLED2 | BM25: =MID($BM24,1,1) -> 0 | BN25: =MID($BN24,1,1) -> 0
A26: 40: 10 00 00 00 00 00 00 00 00 00 00 00 00 00 00 00 ?............... | AL26: 0x31 [7:0] | AM26: SLED1 E1S FAULT and LOC Status | AP26: 00000000 | AQ26: =MID($T5,1,8) -> 00000000 | AY26: 0x28 [6] | AZ26: PRSNT_ES2_R_N | BC26: =MID($BC24,2,1) -> 1 | BD26: =MID($BD24,3,1) -> 0 | BI26: 0x3B [6] | BJ26: Bit4 of E1S LOC on SLED2 | BM26: =MID($BM24,2,1) -> 0 | BN26: =MID($BN24,3,1) -> 0
A27: 50: 00 00 00 00 00 00 00 00 00 00 00 00 00 00 00 00 ................ | AL27: 0x32 [7:4] | AM27: P3V3_ES_BMC_EN* {1,2,3,4} | AP27: 1111 | AQ27: =MID($U5,1,4) -> 1111 | AY27: 0x28 [5] | AZ27: PRSNT_ES3_R_N | BC27: =MID($BC24,3,1) -> 1 | BD27: =MID($BD24,3,1) -> 0 | BI27: 0x3B [5] | BJ27: Bit3 of E1S FAULT on SLED2 | BM27: =MID($BM24,3,1) -> 0 | BN27: =MID($BN24,3,1) -> 0
A28: 60: 00 00 00 00 00 00 00 00 00 00 00 00 00 00 00 00 ................ | AL28: 0x33 [7:4] | AM28: P12V_ES_BMC_EN* {1,2,3,4} | AP28: 1111 | AQ28: =MID($V5,1,4) -> 1111 | AY28: 0x28 [4] | AZ28: PRSNT_ES4_R_N | BC28: =MID($BC24,4,1) -> 1 | BD28: =MID($BD24,4,1) -> 0 | BI28: 0x3B [4] | BJ28: Bit3 of E1S LOC on SLED2 | BM28: =MID($BM24,4,1) -> 0 | BN28: =MID($BN24,4,1) -> 0
A29: 70: 00 00 00 00 00 00 00 00 00 00 00 00 00 00 00 00 ................ | AL29: 0x34 [7:4] | AM29: BMC_E1S_PERST_CTRL_N* {1,2,3,4} | AP29: 1111 | AQ29: =MID($W5,1,4) -> 1111 | BI29: 0x3B [3] | BJ29: Bit2 of E1S FAULT on SLED2 | BM29: =MID($BM24,5,1) -> 0 | BN29: =MID($BN24,5,1) -> 0
A30: 80: 00 00 00 00 00 00 00 00 00 00 00 00 00 00 00 00 ................ | AL30: 0x35 [7:4] | AM30: SSD_INTR_N_CTR* {1,2,3,4} | AP30: 0000 | AQ30: =MID($X5,1,4) -> 0000 | BI30: 0x3B [2] | BJ30: Bit2 of E1S LOC on SLED2 | BM30: =MID($BM24,6,1) -> 0 | BN30: =MID($BN24,6,1) -> 0
A31: 90: 00 00 00 00 00 00 00 00 00 00 00 00 00 00 00 00 ................ | AL31: 0x3A [7:6] | AM31: {SMB_PEHPCPU0_ALERT_N,SMB_PEHPCPU1_ALERT_N} | AP31: 00 | AQ31: =MID($AC5,1,2) -> 00 | BI31: 0x3B [1] | BJ31: Bit1 of E1S FAULT on SLED2 | BM31: =MID($BM24,7,1) -> 0 | BN31: =MID($BN24,7,1) -> 0
A32: a0: 00 00 00 00 00 80 00 1c 00 19 19 01 00 00 00 03 .....?.?.???...? | AL32: 0x3B [7:0] | AM32: SLED2 E1S FAULT and LOC Status | AP32: 00000000 | AQ32: =MID($AD5,1,8) -> 00000000 | BI32: 0x3B [0] | BJ32: Bit1 of E1S LOC on SLED2 | BM32: =MID($BM24,8,1) -> 0 | BN32: =MID($BN24,8,1) -> 0
A33: b0: 00 00 00 00 00 00 00 00 00 00 00 00 00 00 00 00 ................ | AL33: 0x3C [7:0] | AM33: SLED3 E1S FAULT and LOC Status | AP33: 00000000 | AQ33: =MID($AE5,1,8) -> 00000000 | AZ33: Common info | BC33: EXP. | BD33: Data.
A34: c0: 00 00 00 00 00 00 00 00 00 00 00 00 00 00 00 00 ................ | AL34: 0x3D [7:0] | AM34: SLED4 E1S FAULT and LOC Status | AP34: 00000000 | AQ34: =MID($AF5,1,8) -> 00000000 | AY34: 0x29 [7:4] | AZ34: P3V3_AUX_Esx | BC34: =AP17 -> 0000 | BD34: =AQ17 -> 1111
A35: d0: 00 00 00 00 00 00 00 00 00 00 00 00 00 00 00 00 ................ | AM35: Internal State | AY35: 0x29 [7] | AZ35: PWRGD_P3V3_AUX_ES1 | BC35: =MID($BC34,1,1) -> 0 | BD35: =MID($BD34,1,1) -> 1
A36: e0: 00 00 00 00 00 00 00 00 00 00 00 00 00 00 00 00 ................ | AL36: 0xA5 [7] | AM36: SGPIO Link Status (CPLD1-CPLD2) | AP36: 1 | AQ36: =MID($X12,1,1) -> 1 | AY36: 0x29 [6] | AZ36: PWRGD_P3V3_AUX_ES2 | BC36: =MID($BC34,2,1) -> 0 | BD36: =MID($BD34,3,1) -> 1
A37: f0: 00 00 00 00 00 00 00 00 00 00 00 00 00 00 02 08 ..............?? | AL37: 0xA5 [0] | AM37: ESPI Status (CPLD2-BIOS) | AP37: 1 | AQ37: =MID($X12,8,1) -> 0 | AY37: 0x29 [5] | AZ37: PWRGD_P3V3_AUX_ES3 | BC37: =MID($BC34,3,1) -> 0 | BD37: =MID($BD34,3,1) -> 1 | BJ37: Common info | BM37: EXP. | BN37: Data.
AL38: 0xA6 [7:0] | AM38: sgpio2_crc_err_count | AP38: 00 | AQ38: =MID($H12,1,2) -> 00 | AR38: =IF(BIN2DEC(AQ38)>0,"!!!!CRC ERROR!!!","link stable") -> link stable | AY38: 0x29 [4] | AZ38: PWRGD_P3V3_AUX_ES4 | BC38: =MID($BC34,4,1) -> 0 | BD38: =MID($BD34,4,1) -> 1 | BI38: 0x3C [7:0] | BJ38: SLED3 E1S FAULT and LOC Status | BM38: =AP33 -> 00000000 | BN38: =AQ33 -> 00000000
AL39: 0xA7 [7:0] | AM39: sgpio2_crc_good_count | AP39: 9a | AQ39: =MID($I12,1,2) -> 1c | BI39: 0x3C [7] | BJ39: Bit4 of E1S FAULT on SLED3 | BM39: =MID($BM38,1,1) -> 0 | BN39: =MID($BN38,1,1) -> 0
AL40: 0xA8 [7:4] | AM40: rvwire_debug_gpi | AP40: 0000 | AQ40: =MID($AA12,1,4) -> 0000 | BI40: 0x3C [6] | BJ40: Bit4 of E1S LOC on SLED3 | BM40: =MID($BM38,2,1) -> 0 | BN40: =MID($BN38,3,1) -> 0
AL41: 0xA8 [3:0] | AM41: ivwire_debug_gpo | AP41: 0000 | AQ41: =MID($AA12,5,4) -> 0000 | BI41: 0x3C [5] | BJ41: Bit3 of E1S FAULT on SLED3 | BM41: =MID($BM38,3,1) -> 0 | BN41: =MID($BN38,3,1) -> 0
AL42: 0xA9 [7:0] | AM42: iDEBUG_LED | AP42: 10000100 | AQ42: =MID($AB12,1,8) -> 00011001 | AZ42: Common info | BC42: EXP. | BD42: Data. | BI42: 0x3C [4] | BJ42: Bit3 of E1S LOC on SLED3 | BM42: =MID($BM38,4,1) -> 0 | BN42: =MID($BN38,4,1) -> 0
AL43: 0xAA [7:0] | AM43: Power sequence | AP43: 11111111 | AQ43: =MID($AC12,1,8) -> 00011001 | AY43: 0x2A [7:4] | AZ43: Enable power rail P12V_Esx | BC43: =AP18 -> 0000 | BD43: =AQ18 -> 1111 | BI43: 0x3C [3] | BJ43: Bit2 of E1S FAULT on SLED3 | BM43: =MID($BM38,5,1) -> 0 | BN43: =MID($BN38,5,1) -> 0
AL44: 0xAB [1] | AM44: FW_PECI_NODE_GLB_EN | AP44: 0 | AQ44: =MID($AD12,7,1) -> 0 | AY44: 0x2A[7] | AZ44: P12V_ES1_EN | BC44: =MID($BC43,1,1) -> 0 | BD44: =MID($BD43,1,1) -> 1 | BI44: 0x3C [2] | BJ44: Bit2 of E1S LOC on SLED3 | BM44: =MID($BM38,6,1) -> 0 | BN44: =MID($BN38,6,1) -> 0
AL45: 0xAB [0] | AM45: FM_STANDALONE_MODE_QS_EN_N | AP45: 1 | AQ45: =MID($AD12,8,1) -> 1 | AY45: 0x2A [6] | AZ45: P12V_ES2_EN | BC45: =MID($BC43,2,1) -> 0 | BD45: =MID($BD43,3,1) -> 1 | BI45: 0x3C [1] | BJ45: Bit1 of E1S FAULT on SLED3 | BM45: =MID($BM38,7,1) -> 0 | BN45: =MID($BN38,7,1) -> 0
AM46: Miscellaneous | AY46: 0x2A [5] | AZ46: P12V_ES3_EN | BC46: =MID($BC43,3,1) -> 0 | BD46: =MID($BD43,3,1) -> 1 | BI46: 0x3C [0] | BJ46: Bit1 of E1S LOC on SLED3 | BM46: =MID($BM38,8,1) -> 0 | BN46: =MID($BN38,8,1) -> 0
AL47: 0xFD [7:0] | AM47: AUX Version | AP47: 0 | AQ47: =MID($O17,1,2) -> 00 | AY47: 0x2A [4] | AZ47: P12V_ES4_EN | BC47: =MID($BC43,4,1) -> 0 | BD47: =MID($BD43,4,1) -> 1
AL48: 0xFE [7:0] | AM48: Major Version | AP48: 02 | AQ48: =MID($P17,1,2) -> 02
AL49: 0xFF [7:0] | AM49: Minor Version | AP49: 9 | AQ49: =MID($Q17,1,2) -> 08
BJ51: Common info | BM51: EXP. | BN51: Data.
AZ52: Common info | BC52: EXP. | BD52: Data. | BI52: 0x3D [7:0] | BJ52: SLED4 E1S FAULT and LOC Status | BM52: =AP34 -> 00000000 | BN52: =AQ34 -> 00000000
AY53: 0x2B [7:4] | AZ53: E1.S powergood for Esx | BC53: =AP19 -> 1111 | BD53: =AQ19 -> 0000 | BI53: 0x3D [7] | BJ53: Bit4 of E1S FAULT on SLED4 | BM53: =MID($BM52,1,1) -> 0 | BN53: =MID($BN52,1,1) -> 0
AY54: 0x2B [7] | AZ54: PWRGD_ES1_N | BC54: =MID($BC53,1,1) -> 1 | BD54: =MID($BD53,1,1) -> 0 | BI54: 0x3D [6] | BJ54: Bit4 of E1S LOC on SLED4 | BM54: =MID($BM52,2,1) -> 0 | BN54: =MID($BN52,3,1) -> 0
AY55: 0x2B [6] | AZ55: PWRGD_ES2_N | BC55: =MID($BC53,2,1) -> 1 | BD55: =MID($BD53,3,1) -> 0 | BI55: 0x3D [5] | BJ55: Bit3 of E1S FAULT on SLED4 | BM55: =MID($BM52,3,1) -> 0 | BN55: =MID($BN52,3,1) -> 0
AY56: 0x2B [5] | AZ56: PWRGD_ES3_N | BC56: =MID($BC53,3,1) -> 1 | BD56: =MID($BD53,3,1) -> 0 | BI56: 0x3D [4] | BJ56: Bit3 of E1S LOC on SLED4 | BM56: =MID($BM52,4,1) -> 0 | BN56: =MID($BN52,4,1) -> 0
AY57: 0x2B [4] | AZ57: PWRGD_ES4_N | BC57: =MID($BC53,4,1) -> 1 | BD57: =MID($BD53,4,1) -> 0 | BI57: 0x3D [3] | BJ57: Bit2 of E1S FAULT on SLED4 | BM57: =MID($BM52,5,1) -> 0 | BN57: =MID($BN52,5,1) -> 0
BI58: 0x3D [2] | BJ58: Bit2 of E1S LOC on SLED4 | BM58: =MID($BM52,6,1) -> 0 | BN58: =MID($BN52,6,1) -> 0
BI59: 0x3D [1] | BJ59: Bit1 of E1S FAULT on SLED4 | BM59: =MID($BM52,7,1) -> 0 | BN59: =MID($BN52,7,1) -> 0
BI60: 0x3D [0] | BJ60: Bit1 of E1S LOC on SLED4 | BM60: =MID($BM52,8,1) -> 0 | BN60: =MID($BN52,8,1) -> 0
AZ62: Common info | BC62: EXP. | BD62: Data.
AY63: 0x2C [7:4] | AZ63: E1.S powergood for Esx | BC63: =AP20 -> 0000 | BD63: =AQ20 -> 1111
AY64: 0x2C [7] | AZ64: PWRGD_ES1_N | BC64: =MID($BC63,1,1) -> 0 | BD64: =MID($BD63,1,1) -> 1
AY65: 0x2C [6] | AZ65: PWRGD_ES2_N | BC65: =MID($BC63,2,1) -> 0 | BD65: =MID($BD63,3,1) -> 1
AY66: 0x2C [5] | AZ66: PWRGD_ES3_N | BC66: =MID($BC63,3,1) -> 0 | BD66: =MID($BD63,3,1) -> 1
AY67: 0x2C [4] | AZ67: PWRGD_ES4_N | BC67: =MID($BC63,4,1) -> 0 | BD67: =MID($BD63,4,1) -> 1
AZ72: Common info | BC72: EXP. | BD72: Data.
AY73: 0x2D [7:4] | AZ73: P3V3_AUX_ES_EN | BC73: =AP21 -> 0000 | BD73: =AQ21 -> 1111
AY74: 0x2D [7] | AZ74: P3V3_AUX_ES1_EN | BC74: =MID($BC73,1,1) -> 0 | BD74: =MID($BD73,1,1) -> 1
AY75: 0x2D [6] | AZ75: P3V3_AUX_ES2_EN | BC75: =MID($BC73,2,1) -> 0 | BD75: =MID($BD73,3,1) -> 1
AY76: 0x2D [5] | AZ76: P3V3_AUX_ES3_EN | BC76: =MID($BC73,3,1) -> 0 | BD76: =MID($BD73,3,1) -> 1
AY77: 0x2D [4] | AZ77: P3V3_AUX_ES4_EN | BC77: =MID($BC73,4,1) -> 0 | BD77: =MID($BD73,4,1) -> 1
AZ82: Common info | BC82: EXP. | BD82: Data.
AY83: 0x2E [7:4] | AZ83: E1.S PERST# | BC83: =AP22 -> 0000 | BD83: =AQ22 -> 0000
AY84: 0x2E [7] | AZ84: RST_ES1_PERST_N | BC84: =MID($BC83,1,1) -> 0 | BD84: =MID($BD83,1,1) -> 0
AY85: 0x2E [6] | AZ85: RST_ES2_PERST_N | BC85: =MID($BC83,2,1) -> 0 | BD85: =MID($BD83,3,1) -> 0
AY86: 0x2E [5] | AZ86: RST_ES3_PERST_N | BC86: =MID($BC83,3,1) -> 0 | BD86: =MID($BD83,3,1) -> 0
AY87: 0x2E [4] | AZ87: RST_ES4_PERST_N | BC87: =MID($BC83,4,1) -> 0 | BD87: =MID($BD83,4,1) -> 0
AZ92: Common info | BC92: EXP. | BD92: Data.
AY93: 0x2F [7:0] | AZ93: E1.S Amber LED | BC93: =AP23 -> 0000 | BD93: =AQ23 -> 0000
AY94: 0x2F [7:6] | AZ94: ATTN_LED_ES4 | BC94: =MID($BC93,1,1) -> 0 | BD94: =MID($BD93,1,1) -> 0
AY95: 0x2F [5:4] | AZ95: ATTN_LED_ES3 | BC95: =MID($BC93,2,1) -> 0 | BD95: =MID($BD93,3,1) -> 0
AY96: 0x2F [3:2] | AZ96: ATTN_LED_ES2 | BC96: =MID($BC93,3,1) -> 0 | BD96: =MID($BD93,3,1) -> 0
AY97: 0x2F [1:0] | AZ97: ATTN_LED_ES1 | BC97: =MID($BC93,4,1) -> 0 | BD97: =MID($BD93,4,1) -> 0
AZ102: Common info | BC102: EXP. | BD102: Data.
AY103: 0x31 [7:0] | AZ103: SLED1 E1S FAULT and LOC Status | BC103: =AP26 -> 00000000 | BD103: =AQ26 -> 00000000
AY104: 0x31 [7] | AZ104: Bit4 of E1S FAULT on SLED1 | BC104: =MID($BC103,1,1) -> 0 | BD104: =MID($BD103,1,1) -> 0
AY105: 0x31 [6] | AZ105: Bit4 of E1S LOC on SLED1 | BC105: =MID($BC103,2,1) -> 0 | BD105: =MID($BD103,3,1) -> 0
AY106: 0x31 [5] | AZ106: Bit3 of E1S FAULT on SLED1 | BC106: =MID($BC103,3,1) -> 0 | BD106: =MID($BD103,3,1) -> 0
AY107: 0x31 [4] | AZ107: Bit3 of E1S LOC on SLED1 | BC107: =MID($BC103,4,1) -> 0 | BD107: =MID($BD103,4,1) -> 0
AY108: 0x31 [3] | AZ108: Bit2 of E1S FAULT on SLED1 | BC108: =MID($BC103,5,1) -> 0 | BD108: =MID($BD103,5,1) -> 0
AY109: 0x31 [2] | AZ109: Bit2 of E1S LOC on SLED1 | BC109: =MID($BC103,6,1) -> 0 | BD109: =MID($BD103,6,1) -> 0
AY110: 0x31 [1] | AZ110: Bit1 of E1S FAULT on SLED1 | BC110: =MID($BC103,7,1) -> 0 | BD110: =MID($BD103,7,1) -> 0
AY111: 0x31 [0] | AZ111: Bit1 of E1S LOC on SLED1 | BC111: =MID($BC103,8,1) -> 0 | BD111: =MID($BD103,8,1) -> 0
AZ116: Common info | BC116: EXP. | BD116: Data.
AY117: 0x32 [7:4] | AZ117: P3V3_ES_BMC_EN* | BC117: =AP27 -> 1111 | BD117: =AQ27 -> 1111
AY118: 0x32 [7] | AZ118: P3V3_ES_BMC_EN1 | BC118: =MID($BC117,1,1) -> 1 | BD118: =MID($BD117,1,1) -> 1
AY119: 0x32 [6] | AZ119: P3V3_ES_BMC_EN2 | BC119: =MID($BC117,2,1) -> 1 | BD119: =MID($BD117,3,1) -> 1
AY120: 0x32 [5] | AZ120: P3V3_ES_BMC_EN3 | BC120: =MID($BC117,3,1) -> 1 | BD120: =MID($BD117,3,1) -> 1
AY121: 0x32 [4] | AZ121: P3V3_ES_BMC_EN4 | BC121: =MID($BC117,4,1) -> 1 | BD121: =MID($BD117,4,1) -> 1
AZ126: Common info | BC126: EXP. | BD126: Data.
...
